
> @layerfi/components@0.1.144 storybook:build
> storybook build --output-dir=/tmp/chromatic--6974-qgyZFgk25eUN


[90m┌[39m  Building storybook v10.4.6
[90m│[39m
[33m▲[39m  One or more extensionless imports detected: "./tags" in file
[90m│[39m  "/workspace/Layer-Fi/layer-react/.storybook/main.ts".
[90m│[39m  For more information on how to resolve the issue:
[90m│[39m  ]8;;https://storybook.js.org/docs/faq#extensionless-imports-in-storybookmaints-and-required-ts-extensionshttps://storybook.js.org/docs/faq#extensionless-imports-in-st...]8;;
[90m│[39m
[32m◇[39m  Cleaning outputDir: [36m../../../tmp/chromatic--6974-qgyZFgk25eUN[39m
[90m│[39m
[32m◇[39m  Loading presets
[90m│[39m
[32m◇[39m  Building manager..
[90m│[39m
[34m●[39m  Building preview..
[90m│[39m
[34m●[39m  Copying static files: [36m.storybook/public[39m at
[90m│[39m  [36m../../../tmp/chromatic--6974-qgyZFgk25eUN[39m
[90m│[39m  [43mVite[49m [36mvite v8.2.0 [32mbuilding client environment for production...[36m[39m
[2Ktransforming...✓ 7777 modules transformed.
rendering chunks...
computing gzip size...
[90m│[39m  [43mVite[49m ../../../tmp/chromatic--6974-qgyZFgk25eUN/iframe.html
[90m│[39m  23.48 kB │ gzip:   6.24 kB
[90m│[39m  ../../../tmp/chromatic--6974-qgyZFgk25eUN/assets/categorize-expenses-DyjnuB9p.svg
[90m│[39m  89.84 kB │ gzip:  29.05 kB
[90m│[39m  ../../../tmp/chromatic--6974-qgyZFgk25eUN/assets/business-overview-tgdkp5qT.svg
[90m│[39m  92.18 kB │ gzip:  33.21 kB
[90m│[39m  ../../../tmp/chromatic--6974-qgyZFgk25eUN/assets/pnl-overview-BhtDVPE2.svg
[90m│[39m  245.15 kB │ gzip:  92.19 kB
[90m│[39m  ../../../tmp/chromatic--6974-qgyZFgk25eUN/assets/business-accounts-CkYCFkK3.svg
[90m│[39m  290.80 kB │ gzip: 141.64 kB
[90m│[39m  ../../../tmp/chromatic--6974-qgyZFgk25eUN/assets/bookkeeper-inquiries-B8g3bZgH.svg
[90m│[39m  326.39 kB │ gzip: 123.06 kB
[90m│[39m  ../../../tmp/chromatic--6974-qgyZFgk25eUN/assets/partner-accounting-D8acexmm.jpg
[90m│[39m  536.06 kB
[90m│[39m  ../../../tmp/chromatic--6974-qgyZFgk25eUN/assets/schedule-bookkeeper-meeting-Dk4dhbCL.svg
[90m│[39m  588.54 kB │ gzip: 386.54 kB
[90m│[39m  ../../../tmp/chromatic--6974-qgyZFgk25eUN/assets/YearPicker-CJaq-Dpu.css
[90m│[39m  0.03 kB │ gzip:   0.05 kB
[90m│[39m  ../../../tmp/chromatic--6974-qgyZFgk25eUN/assets/InvisibleDownload-CEL1JzL_.css
[90m│[39m  0.04 kB │ gzip:   0.06 kB
[90m│[39m  ../../../tmp/chromatic--6974-qgyZFgk25eUN/assets/ResponsiveComponent-HX-rtzB6.css
[90m│[39m  0.05 kB │ gzip:   0.07 kB
[90m│[39m  ../../../tmp/chromatic--6974-qgyZFgk25eUN/assets/Swatch-NbE7GymG.css
[90m│[39m  0.05 kB │ gzip:   0.07 kB
[90m│[39m  ../../../tmp/chromatic--6974-qgyZFgk25eUN/assets/TagDimensionsGroup-a84euwvg.css
[90m│[39m  0.06 kB │ gzip:   0.07 kB
[90m│[39m  ../../../tmp/chromatic--6974-qgyZFgk25eUN/assets/FormErrorBanner-BpLil8xG.css
[90m│[39m  0.08 kB │ gzip:   0.09 kB
[90m│[39m  ../../../tmp/chromatic--6974-qgyZFgk25eUN/assets/PaginatedDataTable-BbMVa1wt.css
[90m│[39m  0.08 kB │ gzip:   0.08 kB
[90m│[39m  ../../../tmp/chromatic--6974-qgyZFgk25eUN/assets/DataTableHeader-W9BAAGYD.css
[90m│[39m  0.09 kB │ gzip:   0.10 kB
[90m│[39m  ../../../tmp/chromatic--6974-qgyZFgk25eUN/assets/DataTableHeaderMenu-UH8LnkW6.css
[90m│[39m  0.15 kB │ gzip:   0.13 kB
[90m│[39m  ../../../tmp/chromatic--6974-qgyZFgk25eUN/assets/MobileSelectionDrawerList-BX1SNzx9.css
[90m│[39m  0.16 kB │ gzip:   0.12 kB
[90m│[39m  ../../../tmp/chromatic--6974-qgyZFgk25eUN/assets/BaseDetailView-N4MGPMrO.css
[90m│[39m  0.17 kB │ gzip:   0.15 kB
[90m│[39m  ../../../tmp/chromatic--6974-qgyZFgk25eUN/assets/ExpandButton-DN1B2TWz.css
[90m│[39m  0.19 kB │ gzip:   0.14 kB
[90m│[39m  ../../../tmp/chromatic--6974-qgyZFgk25eUN/assets/LoadingSpinner-CbexKoOC.css
[90m│[39m  0.22 kB │ gzip:   0.15 kB
[90m│[39m  ../../../tmp/chromatic--6974-qgyZFgk25eUN/assets/Meter-EtHALpOL.css
[90m│[39m  0.22 kB │ gzip:   0.15 kB
[90m│[39m  ../../../tmp/chromatic--6974-qgyZFgk25eUN/assets/ResponsivePopover-D4s2G4MS.css
[90m│[39m  0.22 kB │ gzip:   0.18 kB
[90m│[39m  ../../../tmp/chromatic--6974-qgyZFgk25eUN/assets/ElevatedLoadingSpinner-DWemI7b5.css
[90m│[39m  0.23 kB │ gzip:   0.17 kB
[90m│[39m  ../../../tmp/chromatic--6974-qgyZFgk25eUN/assets/DateRangeSelection-CuaSb0wL.css
[90m│[39m  0.29 kB │ gzip:   0.18 kB
[90m│[39m  ../../../tmp/chromatic--6974-qgyZFgk25eUN/assets/Popover-DZ4SH95a.css
[90m│[39m  0.29 kB │ gzip:   0.21 kB
[90m│[39m  ../../../tmp/chromatic--6974-qgyZFgk25eUN/assets/Card-BEAPdoEC.css
[90m│[39m  0.31 kB │ gzip:   0.20 kB
[90m│[39m  ../../../tmp/chromatic--6974-qgyZFgk25eUN/assets/ExpandableDataTable-CYLTZqp5.css
[90m│[39m  0.32 kB │ gzip:   0.22 kB
[90m│[39m  ../../../tmp/chromatic--6974-qgyZFgk25eUN/assets/AccountingOverview-CZ6iacic.css
[90m│[39m  0.36 kB │ gzip:   0.20 kB
[90m│[39m  ../../../tmp/chromatic--6974-qgyZFgk25eUN/assets/MobileSelectionDrawerWithTrigger-pHTkuGIL.css
[90m│[39m  0.36 kB │ gzip:   0.17 kB
[90m│[39m  ../../../tmp/chromatic--6974-qgyZFgk25eUN/assets/IconBox-D0hNjcsq.css
[90m│[39m  0.37 kB │ gzip:   0.24 kB
[90m│[39m  ../../../tmp/chromatic--6974-qgyZFgk25eUN/assets/ExpandableCard-Dlzz0cyE.css
[90m│[39m  0.37 kB │ gzip:   0.22 kB
[90m│[39m  ../../../tmp/chromatic--6974-qgyZFgk25eUN/assets/Breadcrumbs-EYJtnRMg.css
[90m│[39m  0.39 kB │ gzip:   0.21 kB
[90m│[39m  ../../../tmp/chromatic--6974-qgyZFgk25eUN/assets/ChartTooltip-DfKeM5QZ.css
[90m│[39m  0.41 kB │ gzip:   0.24 kB
[90m│[39m  ../../../tmp/chromatic--6974-qgyZFgk25eUN/assets/SkeletonLoader-D7nMIhxf.css
[90m│[39m  0.47 kB │ gzip:   0.25 kB
[90m│[39m  ../../../tmp/chromatic--6974-qgyZFgk25eUN/assets/Pagination-CmYvWuqJ.css
[90m│[39m  0.49 kB │ gzip:   0.26 kB
[90m│[39m  ../../../tmp/chromatic--6974-qgyZFgk25eUN/assets/VirtualizedDataTable-BrdDK5rD.css
[90m│[39m  0.50 kB │ gzip:   0.23 kB
[90m│[39m  ../../../tmp/chromatic--6974-qgyZFgk25eUN/assets/LinkAccounts-C0OFACiU.css
[90m│[39m  0.53 kB │ gzip:   0.30 kB
[90m│[39m  ../../../tmp/chromatic--6974-qgyZFgk25eUN/assets/LinkAccountDemoTooltip-CBDxCLZi.css
[90m│[39m  0.55 kB │ gzip:   0.29 kB
[90m│[39m  ../../../tmp/chromatic--6974-qgyZFgk25eUN/assets/summaries-BC2Gl5WH.css
[90m│[39m  0.55 kB │ gzip:   0.26 kB
[90m│[39m  ../../../tmp/chromatic--6974-qgyZFgk25eUN/assets/MetricRow-CEVqXzPv.css
[90m│[39m  0.57 kB │ gzip:   0.30 kB
[90m│[39m  ../../../tmp/chromatic--6974-qgyZFgk25eUN/assets/MileageTrackingStatsCard-B5GKrPQz.css
[90m│[39m  0.59 kB │ gzip:   0.24 kB
[90m│[39m  ../../../tmp/chromatic--6974-qgyZFgk25eUN/assets/BadgeLoader-BMpKX2ns.css
[90m│[39m  0.60 kB │ gzip:   0.19 kB
[90m│[39m  ../../../tmp/chromatic--6974-qgyZFgk25eUN/assets/Tooltip-CNNafBcq.css
[90m│[39m  0.61 kB │ gzip:   0.30 kB
[90m│[39m  ../../../tmp/chromatic--6974-qgyZFgk25eUN/assets/DateTile-BtW_MRpX.css
[90m│[39m  0.62 kB │ gzip:   0.27 kB
[90m│[39m  ../../../tmp/chromatic--6974-qgyZFgk25eUN/assets/DatePicker-BzSjUmWq.css
[90m│[39m  0.66 kB │ gzip:   0.29 kB
[90m│[39m  ../../../tmp/chromatic--6974-qgyZFgk25eUN/assets/Link-BzG6EW7-.css
[90m│[39m  0.71 kB │ gzip:   0.31 kB
[90m│[39m  ../../../tmp/chromatic--6974-qgyZFgk25eUN/assets/SummaryCard-Bmr_KjvE.css
[90m│[39m  0.71 kB │ gzip:   0.30 kB
[90m│[39m  ../../../tmp/chromatic--6974-qgyZFgk25eUN/assets/ModalSlots-CFc9pjOS.css
[90m│[39m  0.72 kB │ gzip:   0.33 kB
[90m│[39m  ../../../tmp/chromatic--6974-qgyZFgk25eUN/assets/LedgerEntrySourceDetailView-CS8xSJvm.css
[90m│[39m  0.76 kB │ gzip:   0.36 kB
[90m│[39m  ../../../tmp/chromatic--6974-qgyZFgk25eUN/assets/BookkeepingStatus-C3CnMbdD.css
[90m│[39m  0.77 kB │ gzip:   0.26 kB
[90m│[39m  ../../../tmp/chromatic--6974-qgyZFgk25eUN/assets/ActionableRow-l1awHac4.css
[90m│[39m  0.78 kB │ gzip:   0.33 kB
[90m│[39m  ../../../tmp/chromatic--6974-qgyZFgk25eUN/assets/Form-BCHeHg8C.css
[90m│[39m  0.92 kB │ gzip:   0.31 kB
[90m│[39m  ../../../tmp/chromatic--6974-qgyZFgk25eUN/assets/ActionableList-DN5SIfJi.css
[90m│[39m  0.96 kB │ gzip:   0.36 kB
[90m│[39m  ../../../tmp/chromatic--6974-qgyZFgk25eUN/assets/Toast-D5PlL6Ro.css
[90m│[39m  1.01 kB │ gzip:   0.37 kB
[90m│[39m  ../../../tmp/chromatic--6974-qgyZFgk25eUN/assets/AmountInput-Dky2iR6B.css
[90m│[39m  1.02 kB │ gzip:   0.41 kB
[90m│[39m  ../../../tmp/chromatic--6974-qgyZFgk25eUN/assets/HorizontalBarChart-BsNIzefc.css
[90m│[39m  1.08 kB │ gzip:   0.41 kB
[90m│[39m  ../../../tmp/chromatic--6974-qgyZFgk25eUN/assets/HeaderRow-7p0HfMWs.css
[90m│[39m  1.29 kB │ gzip:   0.49 kB
[90m│[39m  ../../../tmp/chromatic--6974-qgyZFgk25eUN/assets/DateCalendar-CKW-G4Tg.css
[90m│[39m  1.30 kB │ gzip:   0.39 kB
[90m│[39m  ../../../tmp/chromatic--6974-qgyZFgk25eUN/assets/MobileListItemStatusFooter-BHbS9dhv.css
[90m│[39m  1.31 kB │ gzip:   0.35 kB
[90m│[39m  ../../../tmp/chromatic--6974-qgyZFgk25eUN/assets/DataState-CfQcCoa1.css
[90m│[39m  1.41 kB │ gzip:   0.41 kB
[90m│[39m  ../../../tmp/chromatic--6974-qgyZFgk25eUN/assets/View-OkgcyvLf.css
[90m│[39m  1.43 kB │ gzip:   0.46 kB
[90m│[39m  ../../../tmp/chromatic--6974-qgyZFgk25eUN/assets/Separator-BSPWO1Cw.css
[90m│[39m  1.48 kB │ gzip:   0.27 kB
[90m│[39m  ../../../tmp/chromatic--6974-qgyZFgk25eUN/assets/dataTable-DwRmuH07.css
[90m│[39m  1.50 kB │ gzip:   0.44 kB
[90m│[39m  ../../../tmp/chromatic--6974-qgyZFgk25eUN/assets/MonthPicker-Jdfn2UuV.css
[90m│[39m  1.57 kB │ gzip:   0.50 kB
[90m│[39m  ../../../tmp/chromatic--6974-qgyZFgk25eUN/assets/Switch-CKcn1NXg.css
[90m│[39m  1.70 kB │ gzip:   0.41 kB
[90m│[39m  ../../../tmp/chromatic--6974-qgyZFgk25eUN/assets/Badge-CoQ3VtrW.css
[90m│[39m  1.74 kB │ gzip:   0.49 kB
[90m│[39m  ../../../tmp/chromatic--6974-qgyZFgk25eUN/assets/DropdownMenu-CIXZejOq.css
[90m│[39m  1.78 kB │ gzip:   0.56 kB
[90m│[39m  ../../../tmp/chromatic--6974-qgyZFgk25eUN/assets/RadioGroup-BI1pViEx.css
[90m│[39m  1.79 kB │ gzip:   0.56 kB
[90m│[39m  ../../../tmp/chromatic--6974-qgyZFgk25eUN/assets/Tabs-BSUQB507.css
[90m│[39m  1.90 kB │ gzip:   0.68 kB
[90m│[39m  ../../../tmp/chromatic--6974-qgyZFgk25eUN/assets/LedgerEntryDetails-XFt1VXUU.css
[90m│[39m  1.93 kB │ gzip:   0.48 kB
[90m│[39m  ../../../tmp/chromatic--6974-qgyZFgk25eUN/assets/BookkeepingOverview-Bw5-6nzy.css
[90m│[39m  2.01 kB │ gzip:   0.65 kB
[90m│[39m  ../../../tmp/chromatic--6974-qgyZFgk25eUN/assets/Legend-Dfoqyk3k.css
[90m│[39m  2.03 kB │ gzip:   0.34 kB
[90m│[39m  ../../../tmp/chromatic--6974-qgyZFgk25eUN/assets/Panel-DZE3B_3Y.css
[90m│[39m  2.17 kB │ gzip:   0.65 kB
[90m│[39m  ../../../tmp/chromatic--6974-qgyZFgk25eUN/assets/useForm-BkT7ksJ-.css
[90m│[39m  2.19 kB │ gzip:   0.50 kB
[90m│[39m  ../../../tmp/chromatic--6974-qgyZFgk25eUN/assets/BaseConfirmationModal-D_oUULpJ.css
[90m│[39m  2.25 kB │ gzip:   0.43 kB
[90m│[39m  ../../../tmp/chromatic--6974-qgyZFgk25eUN/assets/FileThumb-DTZxvGP3.css
[90m│[39m  2.28 kB │ gzip:   0.68 kB
[90m│[39m  ../../../tmp/chromatic--6974-qgyZFgk25eUN/assets/Banner-DsSm8yrU.css
[90m│[39m  2.56 kB │ gzip:   0.60 kB
[90m│[39m  ../../../tmp/chromatic--6974-qgyZFgk25eUN/assets/TextArea-C0KA8WM5.css
[90m│[39m  2.62 kB │ gzip:   0.49 kB
[90m│[39m  ../../../tmp/chromatic--6974-qgyZFgk25eUN/assets/Toggle-DCBQpqus.css
[90m│[39m  2.66 kB │ gzip:   0.72 kB
[90m│[39m  ../../../tmp/chromatic--6974-qgyZFgk25eUN/assets/Modal-IxPdhjJk.css
[90m│[39m  2.83 kB │ gzip:   0.72 kB
[90m│[39m  ../../../tmp/chromatic--6974-qgyZFgk25eUN/assets/MileageTracking-CqkY4KCk.css
[90m│[39m  3.03 kB │ gzip:   0.85 kB
[90m│[39m  ../../../tmp/chromatic--6974-qgyZFgk25eUN/assets/SearchField-nqPSKPAv.css
[90m│[39m  3.38 kB │ gzip:   0.60 kB
[90m│[39m  ../../../tmp/chromatic--6974-qgyZFgk25eUN/assets/Journal-Bm3ufBHb.css
[90m│[39m  3.43 kB │ gzip:   0.78 kB
[90m│[39m  ../../../tmp/chromatic--6974-qgyZFgk25eUN/assets/Input-D6q_-gfU.css
[90m│[39m  4.35 kB │ gzip:   0.47 kB
[90m│[39m  ../../../tmp/chromatic--6974-qgyZFgk25eUN/assets/ChartOfAccounts-DcnYKgf3.css
[90m│[39m  4.38 kB │ gzip:   0.86 kB
[90m│[39m  ../../../tmp/chromatic--6974-qgyZFgk25eUN/assets/SolopreneurOverview-DmviRClv.css
[90m│[39m  4.51 kB │ gzip:   1.06 kB
[90m│[39m  ../../../tmp/chromatic--6974-qgyZFgk25eUN/assets/InputGroup-BG7b3HOv.css
[90m│[39m  4.71 kB │ gzip:   0.60 kB
[90m│[39m  ../../../tmp/chromatic--6974-qgyZFgk25eUN/assets/LandingPage-CtdViHzF.css
[90m│[39m  5.08 kB │ gzip:   1.11 kB
[90m│[39m  ../../../tmp/chromatic--6974-qgyZFgk25eUN/assets/Checkbox-3Db2i-QH.css
[90m│[39m  5.72 kB │ gzip:   0.77 kB
[90m│[39m  ../../../tmp/chromatic--6974-qgyZFgk25eUN/assets/ComboBox-DrdEw7FE.css
[90m│[39m  6.58 kB │ gzip:   0.99 kB
[90m│[39m  ../../../tmp/chromatic--6974-qgyZFgk25eUN/assets/MobileList-ks2AITNS.css
[90m│[39m  7.37 kB │ gzip:   0.84 kB
[90m│[39m  ../../../tmp/chromatic--6974-qgyZFgk25eUN/assets/TaxEstimates-BtDCFqOR.css
[90m│[39m  8.42 kB │ gzip:   1.36 kB
[90m│[39m  ../../../tmp/chromatic--6974-qgyZFgk25eUN/assets/Button-DE3BZ61p.css
[90m│[39m  8.47 kB │ gzip:   1.19 kB
[90m│[39m  ../../../tmp/chromatic--6974-qgyZFgk25eUN/assets/Table-BfbJ2vt0.css
[90m│[39m  9.45 kB │ gzip:   0.87 kB
[90m│[39m  ../../../tmp/chromatic--6974-qgyZFgk25eUN/assets/iframe-Dmxic7l-.css
[90m│[39m  10.35 kB │ gzip:   2.29 kB
[90m│[39m  ../../../tmp/chromatic--6974-qgyZFgk25eUN/assets/Tasks-CEUNnPHk.css
[90m│[39m  10.96 kB │ gzip:   1.87 kB
[90m│[39m  ../../../tmp/chromatic--6974-qgyZFgk25eUN/assets/TimeTracking-C22Y18Iq.css
[90m│[39m  11.57 kB │ gzip:   2.07 kB
[90m│[39m  ../../../tmp/chromatic--6974-qgyZFgk25eUN/assets/linkedAccounts-DRMBl5U1.css
[90m│[39m  11.73 kB │ gzip:   2.26 kB
[90m│[39m  ../../../tmp/chromatic--6974-qgyZFgk25eUN/assets/Invoices-C8IdU-HF.css
[90m│[39m  14.17 kB │ gzip:   2.19 kB
[90m│[39m  ../../../tmp/chromatic--6974-qgyZFgk25eUN/assets/UnifiedReports-Cq8Xgue7.css
[90m│[39m  15.94 kB │ gzip:   1.66 kB
[90m│[39m  ../../../tmp/chromatic--6974-qgyZFgk25eUN/assets/Heading-BTKGLnsY.css
[90m│[39m  20.37 kB │ gzip:   0.98 kB
[90m│[39m  ../../../tmp/chromatic--6974-qgyZFgk25eUN/assets/ProfitAndLoss-Bk9R4NGJ.css
[90m│[39m  36.57 kB │ gzip:   3.15 kB
[90m│[39m  ../../../tmp/chromatic--6974-qgyZFgk25eUN/assets/Stack-DmGdqiUo.css
[90m│[39m  39.99 kB │ gzip:   1.58 kB
[90m│[39m  ../../../tmp/chromatic--6974-qgyZFgk25eUN/assets/bankTransactions-BtbWDCbt.css
[90m│[39m  53.41 kB │ gzip:   5.90 kB
[90m│[39m  ../../../tmp/chromatic--6974-qgyZFgk25eUN/assets/Text-D5b_URCJ.css
[90m│[39m  154.00 kB │ gzip:   4.46 kB
[90m│[39m  ../../../tmp/chromatic--6974-qgyZFgk25eUN/assets/asMutable-B3TfJI7k.js
[90m│[39m  0.12 kB │ gzip:   0.12 kB
[90m│[39m  ../../../tmp/chromatic--6974-qgyZFgk25eUN/assets/screenSizeBreakpoints-C507DuHa.js
[90m│[39m  0.13 kB │ gzip:   0.14 kB
[90m│[39m  ../../../tmp/chromatic--6974-qgyZFgk25eUN/assets/seriesTypes-BFG2jjVm.js
[90m│[39m  0.13 kB │ gzip:   0.14 kB
[90m│[39m  ../../../tmp/chromatic--6974-qgyZFgk25eUN/assets/fixtureYear-TR2bMXX-.js
[90m│[39m  0.14 kB │ gzip:   0.14 kB
[90m│[39m  ../../../tmp/chromatic--6974-qgyZFgk25eUN/assets/withRenderProp-DflSRwtd.js
[90m│[39m  0.16 kB │ gzip:   0.14 kB
[90m│[39m  ../../../tmp/chromatic--6974-qgyZFgk25eUN/assets/translationKey-BlUVEmk5.js
[90m│[39m  0.16 kB │ gzip:   0.15 kB
[90m│[39m  ../../../tmp/chromatic--6974-qgyZFgk25eUN/assets/useStore-DgDiQQlr.js
[90m│[39m  0.20 kB │ gzip:   0.17 kB
[90m│[39m  ../../../tmp/chromatic--6974-qgyZFgk25eUN/assets/ConditionalBlock-CfSo2C4K.js
[90m│[39m  0.22 kB │ gzip:   0.18 kB
[90m│[39m  ../../../tmp/chromatic--6974-qgyZFgk25eUN/assets/getYear-BRov3DLJ.js
[90m│[39m  0.22 kB │ gzip:   0.19 kB
[90m│[39m  ../../../tmp/chromatic--6974-qgyZFgk25eUN/assets/chartColors-BHp9xj1i.js
[90m│[39m  0.22 kB │ gzip:   0.19 kB
[90m│[39m  ../../../tmp/chromatic--6974-qgyZFgk25eUN/assets/Autocomplete-BqoyLysK.js
[90m│[39m  0.24 kB │ gzip:   0.18 kB
[90m│[39m  ../../../tmp/chromatic--6974-qgyZFgk25eUN/assets/format-z0iz32iZ.js
[90m│[39m  0.24 kB │ gzip:   0.20 kB
[90m│[39m  ../../../tmp/chromatic--6974-qgyZFgk25eUN/assets/check-BdifYih0.js
[90m│[39m  0.24 kB │ gzip:   0.21 kB
[90m│[39m  ../../../tmp/chromatic--6974-qgyZFgk25eUN/assets/chevron-down-TGfUuhXu.js
[90m│[39m  0.24 kB │ gzip:   0.21 kB
[90m│[39m  ../../../tmp/chromatic--6974-qgyZFgk25eUN/assets/errors-DyikP0YL.js
[90m│[39m  0.24 kB │ gzip:   0.19 kB
[90m│[39m  ../../../tmp/chromatic--6974-qgyZFgk25eUN/assets/chevron-left-DGbveCI1.js
[90m│[39m  0.24 kB │ gzip:   0.21 kB
[90m│[39m  ../../../tmp/chromatic--6974-qgyZFgk25eUN/assets/chevron-right-BMdC0XHO.js
[90m│[39m  0.24 kB │ gzip:   0.21 kB
[90m│[39m  ../../../tmp/chromatic--6974-qgyZFgk25eUN/assets/comboBoxOption-7Lr3KaRN.js
[90m│[39m  0.25 kB │ gzip:   0.20 kB
[90m│[39m  ../../../tmp/chromatic--6974-qgyZFgk25eUN/assets/table-BvuHdZa9.js
[90m│[39m  0.26 kB │ gzip:   0.19 kB
[90m│[39m  ../../../tmp/chromatic--6974-qgyZFgk25eUN/assets/toDataProperties-CPP__KrF.js
[90m│[39m  0.27 kB │ gzip:   0.21 kB
[90m│[39m  ../../../tmp/chromatic--6974-qgyZFgk25eUN/assets/x-BoJkQObj.js
[90m│[39m  0.27 kB │ gzip:   0.22 kB
[90m│[39m  ../../../tmp/chromatic--6974-qgyZFgk25eUN/assets/clock-Dynq-tzw.js
[90m│[39m  0.30 kB │ gzip:   0.24 kB
[90m│[39m  ../../../tmp/chromatic--6974-qgyZFgk25eUN/assets/clock-3-BugKrpOr.js
[90m│[39m  0.30 kB │ gzip:   0.24 kB
[90m│[39m  ../../../tmp/chromatic--6974-qgyZFgk25eUN/assets/menu-BAxlldVy.js
[90m│[39m  0.30 kB │ gzip:   0.23 kB
[90m│[39m  ../../../tmp/chromatic--6974-qgyZFgk25eUN/assets/LayerContext-B2sInpMZ.js
[90m│[39m  0.31 kB │ gzip:   0.24 kB
[90m│[39m  ../../../tmp/chromatic--6974-qgyZFgk25eUN/assets/circle-check-big-B4WDvzv-.js
[90m│[39m  0.31 kB │ gzip:   0.25 kB
[90m│[39m  ../../../tmp/chromatic--6974-qgyZFgk25eUN/assets/rotate-ccw-BBWFsBie.js
[90m│[39m  0.31 kB │ gzip:   0.25 kB
[90m│[39m  ../../../tmp/chromatic--6974-qgyZFgk25eUN/assets/circle-plus-H6l_4D89.js
[90m│[39m  0.32 kB │ gzip:   0.25 kB
[90m│[39m  ../../../tmp/chromatic--6974-qgyZFgk25eUN/assets/credit-card-DEbr5W7w.js
[90m│[39m  0.32 kB │ gzip:   0.26 kB
[90m│[39m  ../../../tmp/chromatic--6974-qgyZFgk25eUN/assets/useBusinessActivationDate-t0lDaxD9.js
[90m│[39m  0.32 kB │ gzip:   0.24 kB
[90m│[39m  ../../../tmp/chromatic--6974-qgyZFgk25eUN/assets/file-BUou_qRb.js
[90m│[39m  0.33 kB │ gzip:   0.25 kB
[90m│[39m  ../../../tmp/chromatic--6974-qgyZFgk25eUN/assets/briefcase-Dp99tabl.js
[90m│[39m  0.33 kB │ gzip:   0.27 kB
[90m│[39m  ../../../tmp/chromatic--6974-qgyZFgk25eUN/assets/circle-arrow-right-BrRCnTBG.js
[90m│[39m  0.33 kB │ gzip:   0.25 kB
[90m│[39m  ../../../tmp/chromatic--6974-qgyZFgk25eUN/assets/assertUnreachable-B86xQFSQ.js
[90m│[39m  0.35 kB │ gzip:   0.23 kB
[90m│[39m  ../../../tmp/chromatic--6974-qgyZFgk25eUN/assets/useNumberFormatter-CqgnnKgD.js
[90m│[39m  0.35 kB │ gzip:   0.25 kB
[90m│[39m  ../../../tmp/chromatic--6974-qgyZFgk25eUN/assets/ellipsis-vertical-BhY3H1St.js
[90m│[39m  0.35 kB │ gzip:   0.24 kB
[90m│[39m  ../../../tmp/chromatic--6974-qgyZFgk25eUN/assets/circle-help-BfnTiYdP.js
[90m│[39m  0.35 kB │ gzip:   0.27 kB
[90m│[39m  ../../../tmp/chromatic--6974-qgyZFgk25eUN/assets/circle-alert-FUdSCbEN.js
[90m│[39m  0.36 kB │ gzip:   0.26 kB
[90m│[39m  ../../../tmp/chromatic--6974-qgyZFgk25eUN/assets/cloud-upload-D6Tvqrmv.js
[90m│[39m  0.36 kB │ gzip:   0.28 kB
[90m│[39m  ../../../tmp/chromatic--6974-qgyZFgk25eUN/assets/plural-DZa3Cdc1.js
[90m│[39m  0.37 kB │ gzip:   0.26 kB
[90m│[39m  ../../../tmp/chromatic--6974-qgyZFgk25eUN/assets/search-x-FiZ-WGxW.js
[90m│[39m  0.37 kB │ gzip:   0.27 kB
[90m│[39m  ../../../tmp/chromatic--6974-qgyZFgk25eUN/assets/chart-no-axes-column-Cb2jN72I.js
[90m│[39m  0.37 kB │ gzip:   0.26 kB
[90m│[39m  ../../../tmp/chromatic--6974-qgyZFgk25eUN/assets/cloud-download-CZqZcK8O.js
[90m│[39m  0.37 kB │ gzip:   0.28 kB
[90m│[39m  ../../../tmp/chromatic--6974-qgyZFgk25eUN/assets/pagination-CHgIfTYI.js
[90m│[39m  0.37 kB │ gzip:   0.27 kB
[90m│[39m  ../../../tmp/chromatic--6974-qgyZFgk25eUN/assets/triangle-alert-CnCtpll1.js
[90m│[39m  0.38 kB │ gzip:   0.28 kB
[90m│[39m  ../../../tmp/chromatic--6974-qgyZFgk25eUN/assets/ErrorText-DDGMql2D.js
[90m│[39m  0.39 kB │ gzip:   0.29 kB
[90m│[39m  ../../../tmp/chromatic--6974-qgyZFgk25eUN/assets/pencil-Of_t7hyO.js
[90m│[39m  0.39 kB │ gzip:   0.29 kB
[90m│[39m  ../../../tmp/chromatic--6974-qgyZFgk25eUN/assets/useLabels-CL7YhrPW.js
[90m│[39m  0.40 kB │ gzip:   0.26 kB
[90m│[39m  ../../../tmp/chromatic--6974-qgyZFgk25eUN/assets/subDays-xUeEmUAO.js
[90m│[39m  0.40 kB │ gzip:   0.26 kB
[90m│[39m  ../../../tmp/chromatic--6974-qgyZFgk25eUN/assets/GlobalDateStoreProvider-BX5Z-_F3.js
[90m│[39m  0.41 kB │ gzip:   0.27 kB
[90m│[39m  ../../../tmp/chromatic--6974-qgyZFgk25eUN/assets/asyncToGenerator-BfE06Dhz.js
[90m│[39m  0.41 kB │ gzip:   0.27 kB
[90m│[39m  ../../../tmp/chromatic--6974-qgyZFgk25eUN/assets/useEffectEvent-C70eukIq.js
[90m│[39m  0.41 kB │ gzip:   0.28 kB
[90m│[39m  ../../../tmp/chromatic--6974-qgyZFgk25eUN/assets/utils-DHkzqiJz.js
[90m│[39m  0.41 kB │ gzip:   0.27 kB
[90m│[39m  ../../../tmp/chromatic--6974-qgyZFgk25eUN/assets/createUpsertHook-C9CL_woS.js
[90m│[39m  0.44 kB │ gzip:   0.29 kB
[90m│[39m  ../../../tmp/chromatic--6974-qgyZFgk25eUN/assets/save-Ef42VjYX.js
[90m│[39m  0.44 kB │ gzip:   0.30 kB
[90m│[39m  ../../../tmp/chromatic--6974-qgyZFgk25eUN/assets/useFormReset-BZNhm4pR.js
[90m│[39m  0.44 kB │ gzip:   0.30 kB
[90m│[39m  ../../../tmp/chromatic--6974-qgyZFgk25eUN/assets/context-CTJFcBpI.js
[90m│[39m  0.45 kB │ gzip:   0.29 kB
[90m│[39m  ../../../tmp/chromatic--6974-qgyZFgk25eUN/assets/file-text-CbVg8oaY.js
[90m│[39m  0.45 kB │ gzip:   0.29 kB
[90m│[39m  ../../../tmp/chromatic--6974-qgyZFgk25eUN/assets/useBusinessDatePickerBounds-B2mBGl-L.js
[90m│[39m  0.45 kB │ gzip:   0.29 kB
[90m│[39m  ../../../tmp/chromatic--6974-qgyZFgk25eUN/assets/DataPoint-CPqNe3Or.js
[90m│[39m  0.45 kB │ gzip:   0.32 kB
[90m│[39m  ../../../tmp/chromatic--6974-qgyZFgk25eUN/assets/useUpdateEffect-CVjv-kBs.js
[90m│[39m  0.45 kB │ gzip:   0.29 kB
[90m│[39m  ../../../tmp/chromatic--6974-qgyZFgk25eUN/assets/useToggleState-CGwCsngl.js
[90m│[39m  0.47 kB │ gzip:   0.30 kB
[90m│[39m  ../../../tmp/chromatic--6974-qgyZFgk25eUN/assets/objectWithoutProperties-CvVwkO6r.js
[90m│[39m  0.47 kB │ gzip:   0.30 kB
[90m│[39m  ../../../tmp/chromatic--6974-qgyZFgk25eUN/assets/trash-2-t-ia5MCa.js
[90m│[39m  0.47 kB │ gzip:   0.32 kB
[90m│[39m  ../../../tmp/chromatic--6974-qgyZFgk25eUN/assets/findEntryRows-gnPwKqj3.js
[90m│[39m  0.47 kB │ gzip:   0.35 kB
[90m│[39m  ../../../tmp/chromatic--6974-qgyZFgk25eUN/assets/Loader-C23ruwc2.js
[90m│[39m  0.48 kB │ gzip:   0.33 kB
[90m│[39m  ../../../tmp/chromatic--6974-qgyZFgk25eUN/assets/useLabel-CcHI9341.js
[90m│[39m  0.48 kB │ gzip:   0.31 kB
[90m│[39m  ../../../tmp/chromatic--6974-qgyZFgk25eUN/assets/BarChart-B5Nci-Ye.js
[90m│[39m  0.50 kB │ gzip:   0.34 kB
[90m│[39m  ../../../tmp/chromatic--6974-qgyZFgk25eUN/assets/LoadingSpinner-C2O-lRTm.js
[90m│[39m  0.51 kB │ gzip:   0.35 kB
[90m│[39m  ../../../tmp/chromatic--6974-qgyZFgk25eUN/assets/business-DLD9xalZ.js
[90m│[39m  0.51 kB │ gzip:   0.32 kB
[90m│[39m  ../../../tmp/chromatic--6974-qgyZFgk25eUN/assets/car-DG7W5iCH.js
[90m│[39m  0.52 kB │ gzip:   0.36 kB
[90m│[39m  ../../../tmp/chromatic--6974-qgyZFgk25eUN/assets/Card-BWVull71.js
[90m│[39m  0.52 kB │ gzip:   0.34 kB
[90m│[39m  ../../../tmp/chromatic--6974-qgyZFgk25eUN/assets/loader-C228s9tw.js
[90m│[39m  0.52 kB │ gzip:   0.31 kB
[90m│[39m  ../../../tmp/chromatic--6974-qgyZFgk25eUN/assets/Section-DokYEyZU.js
[90m│[39m  0.54 kB │ gzip:   0.35 kB
[90m│[39m  ../../../tmp/chromatic--6974-qgyZFgk25eUN/assets/corner-down-right-DD1GffR8.js
[90m│[39m  0.55 kB │ gzip:   0.37 kB
[90m│[39m  ../../../tmp/chromatic--6974-qgyZFgk25eUN/assets/timeUtils-RUaJiPt5.js
[90m│[39m  0.55 kB │ gzip:   0.35 kB
[90m│[39m  ../../../tmp/chromatic--6974-qgyZFgk25eUN/assets/Separator-DKBFKV6Z.js
[90m│[39m  0.57 kB │ gzip:   0.35 kB
[90m│[39m  ../../../tmp/chromatic--6974-qgyZFgk25eUN/assets/Text-B6K-VaIS.js
[90m│[39m  0.58 kB │ gzip:   0.39 kB
[90m│[39m  ../../../tmp/chromatic--6974-qgyZFgk25eUN/assets/createKeyMatcher-C38KWWa2.js
[90m│[39m  0.58 kB │ gzip:   0.35 kB
[90m│[39m  ../../../tmp/chromatic--6974-qgyZFgk25eUN/assets/ElevatedLoadingSpinner-DghdeMkB.js
[90m│[39m  0.61 kB │ gzip:   0.31 kB
[90m│[39m  ../../../tmp/chromatic--6974-qgyZFgk25eUN/assets/Label-DPtjToCe.js
[90m│[39m  0.62 kB │ gzip:   0.40 kB
[90m│[39m  ../../../tmp/chromatic--6974-qgyZFgk25eUN/assets/ExpandButton-DPNaCwMv.js
[90m│[39m  0.62 kB │ gzip:   0.42 kB
[90m│[39m  ../../../tmp/chromatic--6974-qgyZFgk25eUN/assets/sparkles-OoZD_wJ5.js
[90m│[39m  0.62 kB │ gzip:   0.37 kB
[90m│[39m  ../../../tmp/chromatic--6974-qgyZFgk25eUN/assets/Heading-sQrFdoYT.js
[90m│[39m  0.63 kB │ gzip:   0.42 kB
[90m│[39m  ../../../tmp/chromatic--6974-qgyZFgk25eUN/assets/useControlledState-CjQxhkg9.js
[90m│[39m  0.63 kB │ gzip:   0.39 kB
[90m│[39m  ../../../tmp/chromatic--6974-qgyZFgk25eUN/assets/number-RelxE29H.js
[90m│[39m  0.65 kB │ gzip:   0.40 kB
[90m│[39m  ../../../tmp/chromatic--6974-qgyZFgk25eUN/assets/get-CTL8Tubq.js
[90m│[39m  0.67 kB │ gzip:   0.43 kB
[90m│[39m  ../../../tmp/chromatic--6974-qgyZFgk25eUN/assets/classPrivateFieldGet2-BPQsT0av.js
[90m│[39m  0.68 kB │ gzip:   0.34 kB
[90m│[39m  ../../../tmp/chromatic--6974-qgyZFgk25eUN/assets/useWindowSize-DzeI1D7C.js
[90m│[39m  0.68 kB │ gzip:   0.42 kB
[90m│[39m  ../../../tmp/chromatic--6974-qgyZFgk25eUN/assets/square-pen-qI7iXYSv.js
[90m│[39m  0.69 kB │ gzip:   0.42 kB
[90m│[39m  ../../../tmp/chromatic--6974-qgyZFgk25eUN/assets/IconBox-wwDXcS8F.js
[90m│[39m  0.69 kB │ gzip:   0.39 kB
[90m│[39m  ../../../tmp/chromatic--6974-qgyZFgk25eUN/assets/get-CJYLlqA4.js
[90m│[39m  0.70 kB │ gzip:   0.43 kB
[90m│[39m  ../../../tmp/chromatic--6974-qgyZFgk25eUN/assets/jsx-runtime-CA2T8_y1.js
[90m│[39m  0.71 kB │ gzip:   0.46 kB
[90m│[39m  ../../../tmp/chromatic--6974-qgyZFgk25eUN/assets/Frame-DGl-pK3S.js
[90m│[39m  0.71 kB │ gzip:   0.42 kB
[90m│[39m  ../../../tmp/chromatic--6974-qgyZFgk25eUN/assets/Col-zY_MZ1wL.js
[90m│[39m  0.72 kB │ gzip:   0.41 kB
[90m│[39m  ../../../tmp/chromatic--6974-qgyZFgk25eUN/assets/get-CKbXO_jf.js
[90m│[39m  0.75 kB │ gzip:   0.47 kB
[90m│[39m  ../../../tmp/chromatic--6974-qgyZFgk25eUN/assets/classnames-CfLRLWYq.js
[90m│[39m  0.75 kB │ gzip:   0.44 kB
[90m│[39m  ../../../tmp/chromatic--6974-qgyZFgk25eUN/assets/PinnedGlobalDateRange-CqSpJnNL.js
[90m│[39m  0.75 kB │ gzip:   0.50 kB
[90m│[39m  ../../../tmp/chromatic--6974-qgyZFgk25eUN/assets/useElementSize-C6zXat-f.js
[90m│[39m  0.77 kB │ gzip:   0.42 kB
[90m│[39m  ../../../tmp/chromatic--6974-qgyZFgk25eUN/assets/CombinedDateRangeSelection-CAuP2yHE.js
[90m│[39m  0.78 kB │ gzip:   0.42 kB
[90m│[39m  ../../../tmp/chromatic--6974-qgyZFgk25eUN/assets/BackButton-BONG3vyb.js
[90m│[39m  0.78 kB │ gzip:   0.49 kB
[90m│[39m  ../../../tmp/chromatic--6974-qgyZFgk25eUN/assets/Toast-rtYcZUoq.js
[90m│[39m  0.78 kB │ gzip:   0.47 kB
[90m│[39m  ../../../tmp/chromatic--6974-qgyZFgk25eUN/assets/ChevronDownFill-BoBMbbeg.js
[90m│[39m  0.81 kB │ gzip:   0.52 kB
[90m│[39m  ../../../tmp/chromatic--6974-qgyZFgk25eUN/assets/Popover-BxWB9E0j.js
[90m│[39m  0.82 kB │ gzip:   0.50 kB
[90m│[39m  ../../../tmp/chromatic--6974-qgyZFgk25eUN/assets/GlobalDateRangeSelection-VXoUrKl-.js
[90m│[39m  0.84 kB │ gzip:   0.45 kB
[90m│[39m  ../../../tmp/chromatic--6974-qgyZFgk25eUN/assets/BaseDetailView-DYaESgy9.js
[90m│[39m  0.86 kB │ gzip:   0.51 kB
[90m│[39m  ../../../tmp/chromatic--6974-qgyZFgk25eUN/assets/shim-D5F2Iptw.js
[90m│[39m  0.86 kB │ gzip:   0.46 kB
[90m│[39m  ../../../tmp/chromatic--6974-qgyZFgk25eUN/assets/tagDimension-CjxBHxhO.js
[90m│[39m  0.86 kB │ gzip:   0.46 kB
[90m│[39m  ../../../tmp/chromatic--6974-qgyZFgk25eUN/assets/Input-BiFPqpJ4.js
[90m│[39m  0.87 kB │ gzip:   0.50 kB
[90m│[39m  ../../../tmp/chromatic--6974-qgyZFgk25eUN/assets/ProfitAndLossChart.stories-Ct0RMove.js
[90m│[39m  0.89 kB │ gzip:   0.53 kB
[90m│[39m  ../../../tmp/chromatic--6974-qgyZFgk25eUN/assets/DeprecatedHeader-Yoz4pIb4.js
[90m│[39m  0.91 kB │ gzip:   0.51 kB
[90m│[39m  ../../../tmp/chromatic--6974-qgyZFgk25eUN/assets/selection-BqQeOzQG.js
[90m│[39m  0.91 kB │ gzip:   0.50 kB
[90m│[39m  ../../../tmp/chromatic--6974-qgyZFgk25eUN/assets/with-selector-BD-YCWbZ.js
[90m│[39m  0.94 kB │ gzip:   0.53 kB
[90m│[39m  ../../../tmp/chromatic--6974-qgyZFgk25eUN/assets/MoneySpan-DvzrW2dO.js
[90m│[39m  0.95 kB │ gzip:   0.55 kB
[90m│[39m  ../../../tmp/chromatic--6974-qgyZFgk25eUN/assets/Swatch-B_GEjBwL.js
[90m│[39m  0.95 kB │ gzip:   0.55 kB
[90m│[39m  ../../../tmp/chromatic--6974-qgyZFgk25eUN/assets/BookkeepingStatusContext-D1wz4-Na.js
[90m│[39m  0.96 kB │ gzip:   0.54 kB
[90m│[39m  ../../../tmp/chromatic--6974-qgyZFgk25eUN/assets/Link-VpxCW4Uz.js
[90m│[39m  0.98 kB │ gzip:   0.58 kB
[90m│[39m  ../../../tmp/chromatic--6974-qgyZFgk25eUN/assets/Row-YBOFUhfe.js
[90m│[39m  0.98 kB │ gzip:   0.48 kB
[90m│[39m  ../../../tmp/chromatic--6974-qgyZFgk25eUN/assets/TextArea-q7qCHWi_.js
[90m│[39m  1.00 kB │ gzip:   0.55 kB
[90m│[39m  ../../../tmp/chromatic--6974-qgyZFgk25eUN/assets/VisuallyHidden-quqx5Y1A.js
[90m│[39m  1.01 kB │ gzip:   0.60 kB
[90m│[39m  ../../../tmp/chromatic--6974-qgyZFgk25eUN/assets/GlobalYearPicker-CryOBnvb.js
[90m│[39m  1.02 kB │ gzip:   0.61 kB
[90m│[39m  ../../../tmp/chromatic--6974-qgyZFgk25eUN/assets/FormErrorBanner-_8bcDdju.js
[90m│[39m  1.05 kB │ gzip:   0.56 kB
[90m│[39m  ../../../tmp/chromatic--6974-qgyZFgk25eUN/assets/DateTile-DU73gb7Q.js
[90m│[39m  1.08 kB │ gzip:   0.54 kB
[90m│[39m  ../../../tmp/chromatic--6974-qgyZFgk25eUN/assets/ConditionalList-BBOv9Tks.js
[90m│[39m  1.09 kB │ gzip:   0.53 kB
[90m│[39m  ../../../tmp/chromatic--6974-qgyZFgk25eUN/assets/FormCheckboxField.stories-DED1IpMa.js
[90m│[39m  1.10 kB │ gzip:   0.64 kB
[90m│[39m  ../../../tmp/chromatic--6974-qgyZFgk25eUN/assets/profitAndLoss-tLCaCloP.js
[90m│[39m  1.11 kB │ gzip:   0.60 kB
[90m│[39m  ../../../tmp/chromatic--6974-qgyZFgk25eUN/assets/ResponsivePopover-CAdIfwP9.js
[90m│[39m  1.15 kB │ gzip:   0.63 kB
[90m│[39m  ../../../tmp/chromatic--6974-qgyZFgk25eUN/assets/DateTile.stories-DieWkA4s.js
[90m│[39m  1.16 kB │ gzip:   0.64 kB
[90m│[39m  ../../../tmp/chromatic--6974-qgyZFgk25eUN/assets/filterDOMProps-XjExyFvO.js
[90m│[39m  1.16 kB │ gzip:   0.62 kB
[90m│[39m  ../../../tmp/chromatic--6974-qgyZFgk25eUN/assets/ProfitAndLossChart.scratch.stories-3lWgACB2.js
[90m│[39m  1.17 kB │ gzip:   0.57 kB
[90m│[39m  ../../../tmp/chromatic--6974-qgyZFgk25eUN/assets/FormRadioGroupYesNoField.stories-DVQIG2Dj.js
[90m│[39m  1.17 kB │ gzip:   0.67 kB
[90m│[39m  ../../../tmp/chromatic--6974-qgyZFgk25eUN/assets/FormTextField.stories-DCN4Ha-f.js
[90m│[39m  1.17 kB │ gzip:   0.67 kB
[90m│[39m  ../../../tmp/chromatic--6974-qgyZFgk25eUN/assets/FormDateField.stories-ClY5nXeS.js
[90m│[39m  1.18 kB │ gzip:   0.68 kB
[90m│[39m  ../../../tmp/chromatic--6974-qgyZFgk25eUN/assets/ResponsiveComponent-CeGLuFtv.js
[90m│[39m  1.18 kB │ gzip:   0.63 kB
[90m│[39m  ../../../tmp/chromatic--6974-qgyZFgk25eUN/assets/SSRProvider-Cdd6-pLJ.js
[90m│[39m  1.18 kB │ gzip:   0.63 kB
[90m│[39m  ../../../tmp/chromatic--6974-qgyZFgk25eUN/assets/react-18-q7wIrqzL.js
[90m│[39m  1.19 kB │ gzip:   0.62 kB
[90m│[39m  ../../../tmp/chromatic--6974-qgyZFgk25eUN/assets/GlobalMonthPicker-y7rwEvb-.js
[90m│[39m  1.19 kB │ gzip:   0.65 kB
[90m│[39m  ../../../tmp/chromatic--6974-qgyZFgk25eUN/assets/TextArea-Dh6vegVi.js
[90m│[39m  1.20 kB │ gzip:   0.66 kB
[90m│[39m  ../../../tmp/chromatic--6974-qgyZFgk25eUN/assets/Hidden-CqK4kP4K.js
[90m│[39m  1.20 kB │ gzip:   0.48 kB
[90m│[39m  ../../../tmp/chromatic--6974-qgyZFgk25eUN/assets/FormSwitchField.stories-CRF79bu-.js
[90m│[39m  1.23 kB │ gzip:   0.70 kB
[90m│[39m  ../../../tmp/chromatic--6974-qgyZFgk25eUN/assets/FormTextAreaField.stories-BRH9pEHC.js
[90m│[39m  1.23 kB │ gzip:   0.71 kB
[90m│[39m  ../../../tmp/chromatic--6974-qgyZFgk25eUN/assets/DurationSpan-CWGdBkpy.js
[90m│[39m  1.24 kB │ gzip:   0.65 kB
[90m│[39m  ../../../tmp/chromatic--6974-qgyZFgk25eUN/assets/FormNumberField.stories-BrN1kxgk.js
[90m│[39m  1.24 kB │ gzip:   0.70 kB
[90m│[39m  ../../../tmp/chromatic--6974-qgyZFgk25eUN/assets/usePaginatedList-C6SCEfcZ.js
[90m│[39m  1.25 kB │ gzip:   0.60 kB
[90m│[39m  ../../../tmp/chromatic--6974-qgyZFgk25eUN/assets/FormDatePickerField.stories-Dlc8G3ig.js
[90m│[39m  1.29 kB │ gzip:   0.73 kB
[90m│[39m  ../../../tmp/chromatic--6974-qgyZFgk25eUN/assets/rolldown-runtime-C0FnF6B9.js
[90m│[39m  1.29 kB │ gzip:   0.71 kB
[90m│[39m  ../../../tmp/chromatic--6974-qgyZFgk25eUN/assets/Wizard-ZBDBxXlP.js
[90m│[39m  1.31 kB │ gzip:   0.69 kB
[90m│[39m  ../../../tmp/chromatic--6974-qgyZFgk25eUN/assets/bankAccount-Bl40_hrd.js
[90m│[39m  1.32 kB │ gzip:   0.59 kB
[90m│[39m  ../../../tmp/chromatic--6974-qgyZFgk25eUN/assets/isObject-6JhD46Pq.js
[90m│[39m  1.33 kB │ gzip:   0.59 kB
[90m│[39m  ../../../tmp/chromatic--6974-qgyZFgk25eUN/assets/FormRadioGroupField.stories-DoXDolmy.js
[90m│[39m  1.34 kB │ gzip:   0.73 kB
[90m│[39m  ../../../tmp/chromatic--6974-qgyZFgk25eUN/assets/BadgeLoader-0tJdnH0W.js
[90m│[39m  1.34 kB │ gzip:   0.60 kB
[90m│[39m  ../../../tmp/chromatic--6974-qgyZFgk25eUN/assets/preload-helper-B-Wk3MN9.js
[90m│[39m  1.34 kB │ gzip:   0.75 kB
[90m│[39m  ../../../tmp/chromatic--6974-qgyZFgk25eUN/assets/ExpandableDataTableToggleButton-BH5lerXW.js
[90m│[39m  1.36 kB │ gzip:   0.76 kB
[90m│[39m  ../../../tmp/chromatic--6974-qgyZFgk25eUN/assets/Meter.stories-zuO_BBO7.js
[90m│[39m  1.38 kB │ gzip:   0.73 kB
[90m│[39m  ../../../tmp/chromatic--6974-qgyZFgk25eUN/assets/Pagination.stories-C5VPyUst.js
[90m│[39m  1.39 kB │ gzip:   0.73 kB
[90m│[39m  ../../../tmp/chromatic--6974-qgyZFgk25eUN/assets/SummaryCard-CxSrY9Ah.js
[90m│[39m  1.41 kB │ gzip:   0.63 kB
[90m│[39m  ../../../tmp/chromatic--6974-qgyZFgk25eUN/assets/Collection-DD-7iADF.js
[90m│[39m  1.42 kB │ gzip:   0.68 kB
[90m│[39m  ../../../tmp/chromatic--6974-qgyZFgk25eUN/assets/AmountInput.stories-B9mJXiiV.js
[90m│[39m  1.42 kB │ gzip:   0.76 kB
[90m│[39m  ../../../tmp/chromatic--6974-qgyZFgk25eUN/assets/DataPoint.stories-BmPorZ3T.js
[90m│[39m  1.43 kB │ gzip:   0.69 kB
[90m│[39m  ../../../tmp/chromatic--6974-qgyZFgk25eUN/assets/PaginatedMobileList-DJu5LTlL.js
[90m│[39m  1.43 kB │ gzip:   0.72 kB
[90m│[39m  ../../../tmp/chromatic--6974-qgyZFgk25eUN/assets/useButton-YYxgUZZL.js
[90m│[39m  1.43 kB │ gzip:   0.68 kB
[90m│[39m  ../../../tmp/chromatic--6974-qgyZFgk25eUN/assets/ExpandableCard-lPi8wvgb.js
[90m│[39m  1.44 kB │ gzip:   0.68 kB
[90m│[39m  ../../../tmp/chromatic--6974-qgyZFgk25eUN/assets/Container-Bq4me0V3.js
[90m│[39m  1.44 kB │ gzip:   0.65 kB
[90m│[39m  ../../../tmp/chromatic--6974-qgyZFgk25eUN/assets/ProfitAndLossSummaries.scratch.stories-CN-eOoPD.js
[90m│[39m  1.45 kB │ gzip:   0.76 kB
[90m│[39m  ../../../tmp/chromatic--6974-qgyZFgk25eUN/assets/ComboBoxField-CrHcJxp1.js
[90m│[39m  1.45 kB │ gzip:   0.73 kB
[90m│[39m  ../../../tmp/chromatic--6974-qgyZFgk25eUN/assets/LinkButton-CNE49lAs.js
[90m│[39m  1.45 kB │ gzip:   0.74 kB
[90m│[39m  ../../../tmp/chromatic--6974-qgyZFgk25eUN/assets/useDebouncedSearchQuery-BTShC7x8.js
[90m│[39m  1.45 kB │ gzip:   0.67 kB
[90m│[39m  ../../../tmp/chromatic--6974-qgyZFgk25eUN/assets/Link.stories-WwgNnB5a.js
[90m│[39m  1.45 kB │ gzip:   0.73 kB
[90m│[39m  ../../../tmp/chromatic--6974-qgyZFgk25eUN/assets/BankAccountsFilterStoreProvider-CMrVuyi1.js
[90m│[39m  1.46 kB │ gzip:   0.62 kB
[90m│[39m  ../../../tmp/chromatic--6974-qgyZFgk25eUN/assets/Popover.stories-7y8YR4yK.js
[90m│[39m  1.46 kB │ gzip:   0.78 kB
[90m│[39m  ../../../tmp/chromatic--6974-qgyZFgk25eUN/assets/objectSpread2-BRYJICok.js
[90m│[39m  1.46 kB │ gzip:   0.66 kB
[90m│[39m  ../../../tmp/chromatic--6974-qgyZFgk25eUN/assets/get-oaz9a5zW.js
[90m│[39m  1.47 kB │ gzip:   0.71 kB
[90m│[39m  ../../../tmp/chromatic--6974-qgyZFgk25eUN/assets/SkeletonLoader.stories-BYlgAvGy.js
[90m│[39m  1.47 kB │ gzip:   0.74 kB
[90m│[39m  ../../../tmp/chromatic--6974-qgyZFgk25eUN/assets/useField-Ckz1Wh6o.js
[90m│[39m  1.48 kB │ gzip:   0.77 kB
[90m│[39m  ../../../tmp/chromatic--6974-qgyZFgk25eUN/assets/InvisibleDownload-CYX_Cmdf.js
[90m│[39m  1.48 kB │ gzip:   0.76 kB
[90m│[39m  ../../../tmp/chromatic--6974-qgyZFgk25eUN/assets/Breadcrumbs.stories-BN1kchNr.js
[90m│[39m  1.50 kB │ gzip:   0.67 kB
[90m│[39m  ../../../tmp/chromatic--6974-qgyZFgk25eUN/assets/BadgeLoader.stories-BEgTQiLj.js
[90m│[39m  1.54 kB │ gzip:   0.80 kB
[90m│[39m  ../../../tmp/chromatic--6974-qgyZFgk25eUN/assets/SkeletonLoader-CJcNk303.js
[90m│[39m  1.56 kB │ gzip:   0.55 kB
[90m│[39m  ../../../tmp/chromatic--6974-qgyZFgk25eUN/assets/useToggle-DlgNrAbh.js
[90m│[39m  1.56 kB │ gzip:   0.76 kB
[90m│[39m  ../../../tmp/chromatic--6974-qgyZFgk25eUN/assets/Switch.stories-C7fABSmJ.js
[90m│[39m  1.56 kB │ gzip:   0.73 kB
[90m│[39m  ../../../tmp/chromatic--6974-qgyZFgk25eUN/assets/GlobalDateRangeSelection.stories-BsTrWSiA.js
[90m│[39m  1.58 kB │ gzip:   0.87 kB
[90m│[39m  ../../../tmp/chromatic--6974-qgyZFgk25eUN/assets/ProfitAndLossDetailedCharts.stories-DjLKEH44.js
[90m│[39m  1.58 kB │ gzip:   0.76 kB
[90m│[39m  ../../../tmp/chromatic--6974-qgyZFgk25eUN/assets/FormNonRecursiveBigDecimalField.stories-taaao48I.js
[90m│[39m  1.58 kB │ gzip:   0.85 kB
[90m│[39m  ../../../tmp/chromatic--6974-qgyZFgk25eUN/assets/GlobalMonthPicker.stories-DvFbEnGS.js
[90m│[39m  1.61 kB │ gzip:   0.89 kB
[90m│[39m  ../../../tmp/chromatic--6974-qgyZFgk25eUN/assets/Tooltip.stories-DtJl6Ypy.js
[90m│[39m  1.64 kB │ gzip:   0.72 kB
[90m│[39m  ../../../tmp/chromatic--6974-qgyZFgk25eUN/assets/DropdownMenu-q2FkCmf6.js
[90m│[39m  1.66 kB │ gzip:   0.77 kB
[90m│[39m  ../../../tmp/chromatic--6974-qgyZFgk25eUN/assets/MobileListItemStatusFooter-BUzcCr9j.js
[90m│[39m  1.69 kB │ gzip:   0.75 kB
[90m│[39m  ../../../tmp/chromatic--6974-qgyZFgk25eUN/assets/ActionableRow.stories-D4VEQVTK.js
[90m│[39m  1.71 kB │ gzip:   0.84 kB
[90m│[39m  ../../../tmp/chromatic--6974-qgyZFgk25eUN/assets/createLucideIcon-CLC80UWG.js
[90m│[39m  1.71 kB │ gzip:   0.92 kB
[90m│[39m  ../../../tmp/chromatic--6974-qgyZFgk25eUN/assets/Toast.stories-DpPyimFN.js
[90m│[39m  1.71 kB │ gzip:   0.86 kB
[90m│[39m  ../../../tmp/chromatic--6974-qgyZFgk25eUN/assets/Gallery-BEV_qoFX.js
[90m│[39m  1.73 kB │ gzip:   0.69 kB
[90m│[39m  ../../../tmp/chromatic--6974-qgyZFgk25eUN/assets/Stack-B72rKasA.js
[90m│[39m  1.74 kB │ gzip:   0.74 kB
[90m│[39m  ../../../tmp/chromatic--6974-qgyZFgk25eUN/assets/useDatePickerState-BRE15qQn.js
[90m│[39m  1.75 kB │ gzip:   0.82 kB
[90m│[39m  ../../../tmp/chromatic--6974-qgyZFgk25eUN/assets/SearchField.stories-kb4ixEvz.js
[90m│[39m  1.77 kB │ gzip:   0.75 kB
[90m│[39m  ../../../tmp/chromatic--6974-qgyZFgk25eUN/assets/TextArea.stories-dgrpVQtJ.js
[90m│[39m  1.77 kB │ gzip:   0.92 kB
[90m│[39m  ../../../tmp/chromatic--6974-qgyZFgk25eUN/assets/Swatch.stories-BO9y4R9Y.js
[90m│[39m  1.80 kB │ gzip:   0.78 kB
[90m│[39m  ../../../tmp/chromatic--6974-qgyZFgk25eUN/assets/Panel-Cs1uhRVQ.js
[90m│[39m  1.80 kB │ gzip:   0.73 kB
[90m│[39m  ../../../tmp/chromatic--6974-qgyZFgk25eUN/assets/ActionableList.stories-CU4xIvsP.js
[90m│[39m  1.82 kB │ gzip:   0.89 kB
[90m│[39m  ../../../tmp/chromatic--6974-qgyZFgk25eUN/assets/I18nProvider-CrA52VvB.js
[90m│[39m  1.82 kB │ gzip:   0.89 kB
[90m│[39m  ../../../tmp/chromatic--6974-qgyZFgk25eUN/assets/FormErrorBanner.stories-CULBZBwK.js
[90m│[39m  1.84 kB │ gzip:   0.90 kB
[90m│[39m  ../../../tmp/chromatic--6974-qgyZFgk25eUN/assets/DataTableHeaderMenu-BoB795a4.js
[90m│[39m  1.85 kB │ gzip:   0.89 kB
[90m│[39m  ../../../tmp/chromatic--6974-qgyZFgk25eUN/assets/Legend.stories-wIqSfRwe.js
[90m│[39m  1.86 kB │ gzip:   0.97 kB
[90m│[39m  ../../../tmp/chromatic--6974-qgyZFgk25eUN/assets/Toggle.stories-BKFX1g-t.js
[90m│[39m  1.88 kB │ gzip:   0.80 kB
[90m│[39m  ../../../tmp/chromatic--6974-qgyZFgk25eUN/assets/Matrix-uN6MW5ck.js
[90m│[39m  1.88 kB │ gzip:   0.74 kB
[90m│[39m  ../../../tmp/chromatic--6974-qgyZFgk25eUN/assets/Heading-J-wXP0xU.js
[90m│[39m  1.90 kB │ gzip:   0.72 kB
[90m│[39m  ../../../tmp/chromatic--6974-qgyZFgk25eUN/assets/SummaryCard.stories-rfGFc3DQ.js
[90m│[39m  1.92 kB │ gzip:   0.81 kB
[90m│[39m  ../../../tmp/chromatic--6974-qgyZFgk25eUN/assets/Banner.stories-BvB7_L3H.js
[90m│[39m  1.92 kB │ gzip:   0.91 kB
[90m│[39m  ../../../tmp/chromatic--6974-qgyZFgk25eUN/assets/ActionableRow-Dj8yrOj7.js
[90m│[39m  1.92 kB │ gzip:   0.77 kB
[90m│[39m  ../../../tmp/chromatic--6974-qgyZFgk25eUN/assets/MobileSelectionDrawerList-CCmgKurC.js
[90m│[39m  1.93 kB │ gzip:   0.94 kB
[90m│[39m  ../../../tmp/chromatic--6974-qgyZFgk25eUN/assets/react-CRQnbYQm.js
[90m│[39m  1.94 kB │ gzip:   1.03 kB
[90m│[39m  ../../../tmp/chromatic--6974-qgyZFgk25eUN/assets/Badge.stories-DGWCeKKp.js
[90m│[39m  1.94 kB │ gzip:   0.92 kB
[90m│[39m  ../../../tmp/chromatic--6974-qgyZFgk25eUN/assets/useActiveBookkeepingPeriod-CEqis_L9.js
[90m│[39m  1.95 kB │ gzip:   0.96 kB
[90m│[39m  ../../../tmp/chromatic--6974-qgyZFgk25eUN/assets/MobileSelectionDrawerList.stories-CmcunsqQ.js
[90m│[39m  1.98 kB │ gzip:   0.91 kB
[90m│[39m  ../../../tmp/chromatic--6974-qgyZFgk25eUN/assets/get--zKlBCwl.js
[90m│[39m  2.00 kB │ gzip:   0.94 kB
[90m│[39m  ../../../tmp/chromatic--6974-qgyZFgk25eUN/assets/Checkbox-BlS_Fiu3.js
[90m│[39m  2.04 kB │ gzip:   0.96 kB
[90m│[39m  ../../../tmp/chromatic--6974-qgyZFgk25eUN/assets/ChartOfAccounts.stories-CzXiT5-8.js
[90m│[39m  2.06 kB │ gzip:   0.84 kB
[90m│[39m  ../../../tmp/chromatic--6974-qgyZFgk25eUN/assets/FileThumb.stories-DfBsAd4-.js
[90m│[39m  2.06 kB │ gzip:   0.84 kB
[90m│[39m  ../../../tmp/chromatic--6974-qgyZFgk25eUN/assets/Link-x6Kgmmo7.js
[90m│[39m  2.09 kB │ gzip:   1.03 kB
[90m│[39m  ../../../tmp/chromatic--6974-qgyZFgk25eUN/assets/createResourceGlobalCacheActions-Ci7ypMuj.js
[90m│[39m  2.11 kB │ gzip:   0.91 kB
[90m│[39m  ../../../tmp/chromatic--6974-qgyZFgk25eUN/assets/Badge-BIPXq2VF.js
[90m│[39m  2.12 kB │ gzip:   0.91 kB
[90m│[39m  ../../../tmp/chromatic--6974-qgyZFgk25eUN/assets/Form.stories-BHj9-ARf.js
[90m│[39m  2.14 kB │ gzip:   0.98 kB
[90m│[39m  ../../../tmp/chromatic--6974-qgyZFgk25eUN/assets/Stack.stories-BWKRgOdM.js
[90m│[39m  2.16 kB │ gzip:   0.86 kB
[90m│[39m  ../../../tmp/chromatic--6974-qgyZFgk25eUN/assets/ActionableList-BKsQ8XwC.js
[90m│[39m  2.17 kB │ gzip:   0.85 kB
[90m│[39m  ../../../tmp/chromatic--6974-qgyZFgk25eUN/assets/FileInput-U4KwXMbR.js
[90m│[39m  2.20 kB │ gzip:   0.93 kB
[90m│[39m  ../../../tmp/chromatic--6974-qgyZFgk25eUN/assets/useTextField-DBrPB7xM.js
[90m│[39m  2.24 kB │ gzip:   1.04 kB
[90m│[39m  ../../../tmp/chromatic--6974-qgyZFgk25eUN/assets/useLocalizedStringFormatter-C4bPVDwF.js
[90m│[39m  2.25 kB │ gzip:   1.03 kB
[90m│[39m  ../../../tmp/chromatic--6974-qgyZFgk25eUN/assets/Checkbox.stories-r9p-zKNT.js
[90m│[39m  2.27 kB │ gzip:   0.96 kB
[90m│[39m  ../../../tmp/chromatic--6974-qgyZFgk25eUN/assets/ProfitAndLossDetailedCharts.scratch.stories-Bo8lp5WU.js
[90m│[39m  2.30 kB │ gzip:   1.02 kB
[90m│[39m  ../../../tmp/chromatic--6974-qgyZFgk25eUN/assets/Drawer.stories-DTKBG0mU.js
[90m│[39m  2.33 kB │ gzip:   1.00 kB
[90m│[39m  ../../../tmp/chromatic--6974-qgyZFgk25eUN/assets/YearPicker-BIj0Bh-p.js
[90m│[39m  2.40 kB │ gzip:   1.08 kB
[90m│[39m  ../../../tmp/chromatic--6974-qgyZFgk25eUN/assets/formField-CgjW_ZH_.js
[90m│[39m  2.47 kB │ gzip:   1.03 kB
[90m│[39m  ../../../tmp/chromatic--6974-qgyZFgk25eUN/assets/SearchComboBox-zqudAHF1.js
[90m│[39m  2.49 kB │ gzip:   1.16 kB
[90m│[39m  ../../../tmp/chromatic--6974-qgyZFgk25eUN/assets/Modal.stories-DiwDLyzP.js
[90m│[39m  2.55 kB │ gzip:   1.14 kB
[90m│[39m  ../../../tmp/chromatic--6974-qgyZFgk25eUN/assets/LinkedAccounts.stories-CrtHLl1G.js
[90m│[39m  2.59 kB │ gzip:   1.25 kB
[90m│[39m  ../../../tmp/chromatic--6974-qgyZFgk25eUN/assets/useFocusable-gNAlwZ9q.js
[90m│[39m  2.60 kB │ gzip:   1.22 kB
[90m│[39m  ../../../tmp/chromatic--6974-qgyZFgk25eUN/assets/Button.stories-B9UNg0qN.js
[90m│[39m  2.61 kB │ gzip:   1.23 kB
[90m│[39m  ../../../tmp/chromatic--6974-qgyZFgk25eUN/assets/ExpandableCard.stories-DXOQWru2.js
[90m│[39m  2.65 kB │ gzip:   1.20 kB
[90m│[39m  ../../../tmp/chromatic--6974-qgyZFgk25eUN/assets/Legend-DcTOUfjl.js
[90m│[39m  2.66 kB │ gzip:   1.02 kB
[90m│[39m  ../../../tmp/chromatic--6974-qgyZFgk25eUN/assets/DateCalendar.stories-BpumwC5K.js
[90m│[39m  2.70 kB │ gzip:   1.25 kB
[90m│[39m  ../../../tmp/chromatic--6974-qgyZFgk25eUN/assets/RadioGroup.stories-RP9ryFbo.js
[90m│[39m  2.72 kB │ gzip:   0.84 kB
[90m│[39m  ../../../tmp/chromatic--6974-qgyZFgk25eUN/assets/get-B6AXkg3Y.js
[90m│[39m  2.72 kB │ gzip:   1.09 kB
[90m│[39m  ../../../tmp/chromatic--6974-qgyZFgk25eUN/assets/customers.gen-CcQYiebq.js
[90m│[39m  2.74 kB │ gzip:   0.93 kB
[90m│[39m  ../../../tmp/chromatic--6974-qgyZFgk25eUN/assets/SimpleDataTable-C4gNCNiu.js
[90m│[39m  2.75 kB │ gzip:   1.03 kB
[90m│[39m  ../../../tmp/chromatic--6974-qgyZFgk25eUN/assets/DateTime-BOJjiwLE.js
[90m│[39m  2.75 kB │ gzip:   1.17 kB
[90m│[39m  ../../../tmp/chromatic--6974-qgyZFgk25eUN/assets/HeaderRow-jxFOpf0A.js
[90m│[39m  2.76 kB │ gzip:   0.88 kB
[90m│[39m  ../../../tmp/chromatic--6974-qgyZFgk25eUN/assets/accountIdentifier-BIeT4VYQ.js
[90m│[39m  2.77 kB │ gzip:   1.11 kB
[90m│[39m  ../../../tmp/chromatic--6974-qgyZFgk25eUN/assets/ProfitAndLossSummaries.stories-BbqOlHY6.js
[90m│[39m  2.77 kB │ gzip:   1.07 kB
[90m│[39m  ../../../tmp/chromatic--6974-qgyZFgk25eUN/assets/View-DH_Y9tbw.js
[90m│[39m  2.78 kB │ gzip:   0.97 kB
[90m│[39m  ../../../tmp/chromatic--6974-qgyZFgk25eUN/assets/Typography.stories-D_DX1GvG.js
[90m│[39m  2.80 kB │ gzip:   1.11 kB
[90m│[39m  ../../../tmp/chromatic--6974-qgyZFgk25eUN/assets/colors-RCfB1iPR.js
[90m│[39m  2.81 kB │ gzip:   1.32 kB
[90m│[39m  ../../../tmp/chromatic--6974-qgyZFgk25eUN/assets/Switch-vnElL1pn.js
[90m│[39m  2.84 kB │ gzip:   1.34 kB
[90m│[39m  ../../../tmp/chromatic--6974-qgyZFgk25eUN/assets/VirtualizedDataTable.stories-D-N5pdhr.js
[90m│[39m  2.87 kB │ gzip:   1.16 kB
[90m│[39m  ../../../tmp/chromatic--6974-qgyZFgk25eUN/assets/useEmitLayerEvent-Bbxzv0qL.js
[90m│[39m  2.88 kB │ gzip:   1.13 kB
[90m│[39m  ../../../tmp/chromatic--6974-qgyZFgk25eUN/assets/NumberFormatter-DS8nq3lp.js
[90m│[39m  2.91 kB │ gzip:   1.20 kB
[90m│[39m  ../../../tmp/chromatic--6974-qgyZFgk25eUN/assets/HorizontalBarChart.stories-D1-7c9JM.js
[90m│[39m  2.94 kB │ gzip:   1.06 kB
[90m│[39m  ../../../tmp/chromatic--6974-qgyZFgk25eUN/assets/DatePicker.stories-Cvj6EuhA.js
[90m│[39m  2.95 kB │ gzip:   1.30 kB
[90m│[39m  ../../../tmp/chromatic--6974-qgyZFgk25eUN/assets/subMonths-D5haXfqG.js
[90m│[39m  2.97 kB │ gzip:   0.99 kB
[90m│[39m  ../../../tmp/chromatic--6974-qgyZFgk25eUN/assets/HorizontalBarChart-DurHOG_p.js
[90m│[39m  2.98 kB │ gzip:   1.38 kB
[90m│[39m  ../../../tmp/chromatic--6974-qgyZFgk25eUN/assets/Button-YaJ7lXLp.js
[90m│[39m  3.00 kB │ gzip:   1.19 kB
[90m│[39m  ../../../tmp/chromatic--6974-qgyZFgk25eUN/assets/Input.stories-B6sH26px.js
[90m│[39m  3.03 kB │ gzip:   1.28 kB
[90m│[39m  ../../../tmp/chromatic--6974-qgyZFgk25eUN/assets/Loading.stories-B2yvOlHs.js
[90m│[39m  3.07 kB │ gzip:   1.20 kB
[90m│[39m  ../../../tmp/chromatic--6974-qgyZFgk25eUN/assets/DataTableHeader-BZUqAc5u.js
[90m│[39m  3.12 kB │ gzip:   1.15 kB
[90m│[39m  ../../../tmp/chromatic--6974-qgyZFgk25eUN/assets/Banner-Q8lbbPig.js
[90m│[39m  3.15 kB │ gzip:   1.38 kB
[90m│[39m  ../../../tmp/chromatic--6974-qgyZFgk25eUN/assets/ModalSlots-B2Se_kPI.js
[90m│[39m  3.17 kB │ gzip:   1.11 kB
[90m│[39m  ../../../tmp/chromatic--6974-qgyZFgk25eUN/assets/hoist-non-react-statics.cjs-Iwmod3bF.js
[90m│[39m  3.17 kB │ gzip:   1.15 kB
[90m│[39m  ../../../tmp/chromatic--6974-qgyZFgk25eUN/assets/summaries-BG1RVemz.js
[90m│[39m  3.26 kB │ gzip:   1.28 kB
[90m│[39m  ../../../tmp/chromatic--6974-qgyZFgk25eUN/assets/Meter-tOpGcKF1.js
[90m│[39m  3.29 kB │ gzip:   1.54 kB
[90m│[39m  ../../../tmp/chromatic--6974-qgyZFgk25eUN/assets/Tabs.stories-DAEU6P2M.js
[90m│[39m  3.42 kB │ gzip:   1.31 kB
[90m│[39m  ../../../tmp/chromatic--6974-qgyZFgk25eUN/assets/CreatableComboBox-DysnTLup.js
[90m│[39m  3.52 kB │ gzip:   1.57 kB
[90m│[39m  ../../../tmp/chromatic--6974-qgyZFgk25eUN/assets/InputGroup-YIgwaxwl.js
[90m│[39m  3.52 kB │ gzip:   1.48 kB
[90m│[39m  ../../../tmp/chromatic--6974-qgyZFgk25eUN/assets/Form-DsoKr1nz.js
[90m│[39m  3.53 kB │ gzip:   1.54 kB
[90m│[39m  ../../../tmp/chromatic--6974-qgyZFgk25eUN/assets/Tasks.stories-DAQO9_n0.js
[90m│[39m  3.53 kB │ gzip:   1.67 kB
[90m│[39m  ../../../tmp/chromatic--6974-qgyZFgk25eUN/assets/MobileSelectionDrawerWithTrigger.stories-LODxfjT6.js
[90m│[39m  3.59 kB │ gzip:   1.55 kB
[90m│[39m  ../../../tmp/chromatic--6974-qgyZFgk25eUN/assets/BookkeepingStatus-BWlnxuYS.js
[90m│[39m  3.60 kB │ gzip:   1.45 kB
[90m│[39m  ../../../tmp/chromatic--6974-qgyZFgk25eUN/assets/DataState.stories-C9buVwA1.js
[90m│[39m  3.61 kB │ gzip:   1.50 kB
[90m│[39m  ../../../tmp/chromatic--6974-qgyZFgk25eUN/assets/MetricRow.stories-Cogx_AFY.js
[90m│[39m  3.61 kB │ gzip:   1.36 kB
[90m│[39m  ../../../tmp/chromatic--6974-qgyZFgk25eUN/assets/useDescription-DWK985Zn.js
[90m│[39m  3.63 kB │ gzip:   1.45 kB
[90m│[39m  ../../../tmp/chromatic--6974-qgyZFgk25eUN/assets/unifiedReport-p2RZu-Im.js
[90m│[39m  3.63 kB │ gzip:   1.67 kB
[90m│[39m  ../../../tmp/chromatic--6974-qgyZFgk25eUN/assets/FileThumb-BndHNtuB.js
[90m│[39m  3.71 kB │ gzip:   1.23 kB
[90m│[39m  ../../../tmp/chromatic--6974-qgyZFgk25eUN/assets/upsertVehicle-nK-M9Scq.js
[90m│[39m  3.71 kB │ gzip:   1.26 kB
[90m│[39m  ../../../tmp/chromatic--6974-qgyZFgk25eUN/assets/Button-BgSZqAZM.js
[90m│[39m  3.79 kB │ gzip:   1.74 kB
[90m│[39m  ../../../tmp/chromatic--6974-qgyZFgk25eUN/assets/PaginatedDataTable.stories-eZ00ytqq.js
[90m│[39m  3.82 kB │ gzip:   1.56 kB
[90m│[39m  ../../../tmp/chromatic--6974-qgyZFgk25eUN/assets/Pagination-C-AWnw27.js
[90m│[39m  3.84 kB │ gzip:   1.58 kB
[90m│[39m  ../../../tmp/chromatic--6974-qgyZFgk25eUN/assets/useHover-Cy-zZqSg.js
[90m│[39m  3.97 kB │ gzip:   1.57 kB
[90m│[39m  ../../../tmp/chromatic--6974-qgyZFgk25eUN/assets/BankAccountsContext-5bS1M0LZ.js
[90m│[39m  3.99 kB │ gzip:   1.81 kB
[90m│[39m  ../../../tmp/chromatic--6974-qgyZFgk25eUN/assets/tables-BC4e7F5f.js
[90m│[39m  4.06 kB │ gzip:   1.59 kB
[90m│[39m  ../../../tmp/chromatic--6974-qgyZFgk25eUN/assets/createMutationHook-FyCQlnyI.js
[90m│[39m  4.08 kB │ gzip:   1.95 kB
[90m│[39m  ../../../tmp/chromatic--6974-qgyZFgk25eUN/assets/Tabs-D7xGvTyU.js
[90m│[39m  4.13 kB │ gzip:   1.42 kB
[90m│[39m  ../../../tmp/chromatic--6974-qgyZFgk25eUN/assets/DataState-o2rhTHt9.js
[90m│[39m  4.21 kB │ gzip:   1.56 kB
[90m│[39m  ../../../tmp/chromatic--6974-qgyZFgk25eUN/assets/CustomerSelector-DSnh6ISM.js
[90m│[39m  4.22 kB │ gzip:   1.66 kB
[90m│[39m  ../../../tmp/chromatic--6974-qgyZFgk25eUN/assets/ProfitAndLossOverviewDetailedCharts-Cp_eDmBc.js
[90m│[39m  4.23 kB │ gzip:   1.60 kB
[90m│[39m  ../../../tmp/chromatic--6974-qgyZFgk25eUN/assets/createInfiniteQueryHook-Bm9AMAMq.js
[90m│[39m  4.43 kB │ gzip:   2.12 kB
[90m│[39m  ../../../tmp/chromatic--6974-qgyZFgk25eUN/assets/MobileSelectionDrawerWithTrigger-C-ynPEQZ.js
[90m│[39m  4.51 kB │ gzip:   1.83 kB
[90m│[39m  ../../../tmp/chromatic--6974-qgyZFgk25eUN/assets/Checkbox-BbHLrSQI.js
[90m│[39m  4.55 kB │ gzip:   1.89 kB
[90m│[39m  ../../../tmp/chromatic--6974-qgyZFgk25eUN/assets/PaginatedDataTable-BHAO6u3c.js
[90m│[39m  4.65 kB │ gzip:   1.71 kB
[90m│[39m  ../../../tmp/chromatic--6974-qgyZFgk25eUN/assets/ExpandableDataTable-CntDgpJC.js
[90m│[39m  4.67 kB │ gzip:   1.77 kB
[90m│[39m  ../../../tmp/chromatic--6974-qgyZFgk25eUN/assets/ComboBox.stories-DI_YYV19.js
[90m│[39m  4.69 kB │ gzip:   1.27 kB
[90m│[39m  ../../../tmp/chromatic--6974-qgyZFgk25eUN/assets/useTranslation-UC88trlb.js
[90m│[39m  4.94 kB │ gzip:   2.42 kB
[90m│[39m  ../../../tmp/chromatic--6974-qgyZFgk25eUN/assets/Journal.stories-D0InQ9nE.js
[90m│[39m  4.96 kB │ gzip:   1.87 kB
[90m│[39m  ../../../tmp/chromatic--6974-qgyZFgk25eUN/assets/useFormValidation-ymYXNimv.js
[90m│[39m  5.03 kB │ gzip:   1.97 kB
[90m│[39m  ../../../tmp/chromatic--6974-qgyZFgk25eUN/assets/LinkAccountDemoTooltip-CVYpxuFC.js
[90m│[39m  5.07 kB │ gzip:   2.04 kB
[90m│[39m  ../../../tmp/chromatic--6974-qgyZFgk25eUN/assets/GeneralLedger.stories-D3nUNZ1H.js
[90m│[39m  5.09 kB │ gzip:   1.76 kB
[90m│[39m  ../../../tmp/chromatic--6974-qgyZFgk25eUN/assets/ExpandableDataTable.stories-BvRO-9uJ.js
[90m│[39m  5.37 kB │ gzip:   1.95 kB
[90m│[39m  ../../../tmp/chromatic--6974-qgyZFgk25eUN/assets/AccountingOverview.stories-Dbf3ELoN.js
[90m│[39m  5.38 kB │ gzip:   1.99 kB
[90m│[39m  ../../../tmp/chromatic--6974-qgyZFgk25eUN/assets/BankTransactionsWithLinkedAccounts.stories-CR0uYEsu.js
[90m│[39m  5.58 kB │ gzip:   2.01 kB
[90m│[39m  ../../../tmp/chromatic--6974-qgyZFgk25eUN/assets/DropdownMenu.stories-DvOmoIZg.js
[90m│[39m  5.61 kB │ gzip:   1.87 kB
[90m│[39m  ../../../tmp/chromatic--6974-qgyZFgk25eUN/assets/BaseConfirmationModal-DfHSFIwr.js
[90m│[39m  5.78 kB │ gzip:   2.00 kB
[90m│[39m  ../../../tmp/chromatic--6974-qgyZFgk25eUN/assets/MileageTrackingStatsCard-DUOOrkp6.js
[90m│[39m  6.02 kB │ gzip:   2.47 kB
[90m│[39m  ../../../tmp/chromatic--6974-qgyZFgk25eUN/assets/MonthPicker-CEID6Fmv.js
[90m│[39m  6.03 kB │ gzip:   2.23 kB
[90m│[39m  ../../../tmp/chromatic--6974-qgyZFgk25eUN/assets/SimpleDataTable.stories-CsstAMpo.js
[90m│[39m  6.17 kB │ gzip:   2.33 kB
[90m│[39m  ../../../tmp/chromatic--6974-qgyZFgk25eUN/assets/DateRangeSelection-DHIg661W.js
[90m│[39m  6.24 kB │ gzip:   1.85 kB
[90m│[39m  ../../../tmp/chromatic--6974-qgyZFgk25eUN/assets/Breadcrumbs-Dzb3Txo6.js
[90m│[39m  6.38 kB │ gzip:   2.74 kB
[90m│[39m  ../../../tmp/chromatic--6974-qgyZFgk25eUN/assets/react-IpA8Qn9U.js
[90m│[39m  6.50 kB │ gzip:   2.57 kB
[90m│[39m  ../../../tmp/chromatic--6974-qgyZFgk25eUN/assets/constants-CnCnMXTu.js
[90m│[39m  7.47 kB │ gzip:   2.11 kB
[90m│[39m  ../../../tmp/chromatic--6974-qgyZFgk25eUN/assets/Toggle-C4xv548m.js
[90m│[39m  7.66 kB │ gzip:   2.86 kB
[90m│[39m  ../../../tmp/chromatic--6974-qgyZFgk25eUN/assets/useBusinessActivationDateSafe-BMZ-CsyB.js
[90m│[39m  8.02 kB │ gzip:   2.63 kB
[90m│[39m  ../../../tmp/chromatic--6974-qgyZFgk25eUN/assets/pnlDetailLines-DB5LAiMQ.js
[90m│[39m  8.11 kB │ gzip:   2.61 kB
[90m│[39m  ../../../tmp/chromatic--6974-qgyZFgk25eUN/assets/BankTransactions.stories-BMu9gz_R.js
[90m│[39m  8.87 kB │ gzip:   2.70 kB
[90m│[39m  ../../../tmp/chromatic--6974-qgyZFgk25eUN/assets/Modal-BilcbpyA.js
[90m│[39m  8.99 kB │ gzip:   3.10 kB
[90m│[39m  ../../../tmp/chromatic--6974-qgyZFgk25eUN/assets/_Uint8Array-DDDpxXvF.js
[90m│[39m  9.27 kB │ gzip:   3.26 kB
[90m│[39m  ../../../tmp/chromatic--6974-qgyZFgk25eUN/assets/SearchField-B9nsmzbI.js
[90m│[39m  9.33 kB │ gzip:   3.91 kB
[90m│[39m  ../../../tmp/chromatic--6974-qgyZFgk25eUN/assets/DataTable-CV5hh9Nk.js
[90m│[39m  9.34 kB │ gzip:   3.12 kB
[90m│[39m  ../../../tmp/chromatic--6974-qgyZFgk25eUN/assets/RadioGroup-2x3Fdc7T.js
[90m│[39m  9.47 kB │ gzip:   3.56 kB
[90m│[39m  ../../../tmp/chromatic--6974-qgyZFgk25eUN/assets/usePress-CIQEAFpw.js
[90m│[39m  9.73 kB │ gzip:   3.73 kB
[90m│[39m  ../../../tmp/chromatic--6974-qgyZFgk25eUN/assets/Trans-CISQYP75.js
[90m│[39m  10.27 kB │ gzip:   4.42 kB
[90m│[39m  ../../../tmp/chromatic--6974-qgyZFgk25eUN/assets/MobileList.stories-DUVIVbEV.js
[90m│[39m  10.95 kB │ gzip:   3.53 kB
[90m│[39m  ../../../tmp/chromatic--6974-qgyZFgk25eUN/assets/ledgerEntrySource-NklHtJ0P.js
[90m│[39m  11.42 kB │ gzip:   3.20 kB
[90m│[39m  ../../../tmp/chromatic--6974-qgyZFgk25eUN/assets/Table.stories-BcVKSPCG.js
[90m│[39m  11.55 kB │ gzip:   2.68 kB
[90m│[39m  ../../../tmp/chromatic--6974-qgyZFgk25eUN/assets/AmountInput-DccBObNF.js
[90m│[39m  11.74 kB │ gzip:   4.69 kB
[90m│[39m  ../../../tmp/chromatic--6974-qgyZFgk25eUN/assets/plaidHostedLinkStatus-D5h72aqs.js
[90m│[39m  12.15 kB │ gzip:   3.95 kB
[90m│[39m  ../../../tmp/chromatic--6974-qgyZFgk25eUN/assets/useCalendly-CkQhHznQ.js
[90m│[39m  12.32 kB │ gzip:   4.01 kB
[90m│[39m  ../../../tmp/chromatic--6974-qgyZFgk25eUN/assets/PlaidHostedLinkErrorBanner-CL2ZTci8.js
[90m│[39m  12.35 kB │ gzip:   4.30 kB
[90m│[39m  ../../../tmp/chromatic--6974-qgyZFgk25eUN/assets/MobileList-DG32nfcs.js
[90m│[39m  12.44 kB │ gzip:   3.28 kB
[90m│[39m  ../../../tmp/chromatic--6974-qgyZFgk25eUN/assets/LedgerEntryDetails-C3sNjVhS.js
[90m│[39m  13.92 kB │ gzip:   4.59 kB
[90m│[39m  ../../../tmp/chromatic--6974-qgyZFgk25eUN/assets/LinkAccounts.stories-DH6ANwfk.js
[90m│[39m  14.20 kB │ gzip:   4.69 kB
[90m│[39m  ../../../tmp/chromatic--6974-qgyZFgk25eUN/assets/TagDimensionsGroup-D8qfcF7b.js
[90m│[39m  15.50 kB │ gzip:   4.72 kB
[90m│[39m  ../../../tmp/chromatic--6974-qgyZFgk25eUN/assets/CollectionBuilder-Bq1tGuWi.js
[90m│[39m  15.60 kB │ gzip:   4.66 kB
[90m│[39m  ../../../tmp/chromatic--6974-qgyZFgk25eUN/assets/Text-B4J04I0F.js
[90m│[39m  16.19 kB │ gzip:   3.49 kB
[90m│[39m  ../../../tmp/chromatic--6974-qgyZFgk25eUN/assets/LedgerEntrySourceDetailView-DbDQYA2x.js
[90m│[39m  16.52 kB │ gzip:   3.17 kB
[90m│[39m  ../../../tmp/chromatic--6974-qgyZFgk25eUN/assets/FocusScope-B82icqS8.js
[90m│[39m  16.57 kB │ gzip:   5.29 kB
[90m│[39m  ../../../tmp/chromatic--6974-qgyZFgk25eUN/assets/CalendarDate-CQBLDdhf.js
[90m│[39m  17.66 kB │ gzip:   5.93 kB
[90m│[39m  ../../../tmp/chromatic--6974-qgyZFgk25eUN/assets/useFocus-DT3wEoQw.js
[90m│[39m  18.43 kB │ gzip:   6.68 kB
[90m│[39m  ../../../tmp/chromatic--6974-qgyZFgk25eUN/assets/BookkeepingOverview.stories-DRJeCYs-.js
[90m│[39m  18.98 kB │ gzip:   6.40 kB
[90m│[39m  ../../../tmp/chromatic--6974-qgyZFgk25eUN/assets/PieChart-CqgllpKq.js
[90m│[39m  19.10 kB │ gzip:   6.29 kB
[90m│[39m  ../../../tmp/chromatic--6974-qgyZFgk25eUN/assets/Sector-5FMWtieZ.js
[90m│[39m  19.26 kB │ gzip:   5.75 kB
[90m│[39m  ../../../tmp/chromatic--6974-qgyZFgk25eUN/assets/SolopreneurOverview.stories-B6agpOZ9.js
[90m│[39m  21.97 kB │ gzip:   6.67 kB
[90m│[39m  ../../../tmp/chromatic--6974-qgyZFgk25eUN/assets/useGridSelectionCheckbox-X4ZVEDOp.js
[90m│[39m  24.36 kB │ gzip:   7.39 kB
[90m│[39m  ../../../tmp/chromatic--6974-qgyZFgk25eUN/vite-inject-mocker-entry.js
[90m│[39m  28.77 kB │ gzip:   9.94 kB
[90m│[39m  ../../../tmp/chromatic--6974-qgyZFgk25eUN/assets/VirtualizedDataTable-D-1-6qJ6.js
[90m│[39m  28.96 kB │ gzip:   8.98 kB
[90m│[39m  ../../../tmp/chromatic--6974-qgyZFgk25eUN/assets/Tasks-Bohcirhx.js
[90m│[39m  29.24 kB │ gzip:   9.14 kB
[90m│[39m  ../../../tmp/chromatic--6974-qgyZFgk25eUN/assets/GridList-BX3rlvZY.js
[90m│[39m  29.92 kB │ gzip:   9.18 kB
[90m│[39m  ../../../tmp/chromatic--6974-qgyZFgk25eUN/assets/LandingPage.stories-CrLzTgLN.js
[90m│[39m  31.86 kB │ gzip:   8.95 kB
[90m│[39m  ../../../tmp/chromatic--6974-qgyZFgk25eUN/assets/useCollection-CDFPeqaB.js
[90m│[39m  32.21 kB │ gzip:   9.74 kB
[90m│[39m  ../../../tmp/chromatic--6974-qgyZFgk25eUN/assets/linkedAccounts-BV5NBIy5.js
[90m│[39m  33.40 kB │ gzip:   9.31 kB
[90m│[39m  ../../../tmp/chromatic--6974-qgyZFgk25eUN/assets/Journal-B-jYurw-.js
[90m│[39m  34.26 kB │ gzip:  10.43 kB
[90m│[39m  ../../../tmp/chromatic--6974-qgyZFgk25eUN/assets/ChartOfAccounts-rQ_MR0gg.js
[90m│[39m  42.64 kB │ gzip:  11.67 kB
[90m│[39m  ../../../tmp/chromatic--6974-qgyZFgk25eUN/assets/ChartTooltip-Br7kKVwX.js
[90m│[39m  42.65 kB │ gzip:  11.74 kB
[90m│[39m  ../../../tmp/chromatic--6974-qgyZFgk25eUN/assets/useForm-BxPOShUu.js
[90m│[39m  43.06 kB │ gzip:  13.88 kB
[90m│[39m  ../../../tmp/chromatic--6974-qgyZFgk25eUN/assets/injectIntl-JlUE0Lo8.js
[90m│[39m  50.48 kB │ gzip:  15.44 kB
[90m│[39m  ../../../tmp/chromatic--6974-qgyZFgk25eUN/assets/TaxEstimates.stories-D-nmdQUN.js
[90m│[39m  51.12 kB │ gzip:  13.63 kB
[90m│[39m  ../../../tmp/chromatic--6974-qgyZFgk25eUN/assets/Tooltip-B5ZIXJ_V.js
[90m│[39m  51.20 kB │ gzip:  18.18 kB
[90m│[39m  ../../../tmp/chromatic--6974-qgyZFgk25eUN/assets/Dialog-DQDB_I4p.js
[90m│[39m  52.47 kB │ gzip:  19.57 kB
[90m│[39m  ../../../tmp/chromatic--6974-qgyZFgk25eUN/assets/dataTable-PpGDs5TU.js
[90m│[39m  54.31 kB │ gzip:  14.22 kB
[90m│[39m  ../../../tmp/chromatic--6974-qgyZFgk25eUN/assets/CartesianChart-DSU3_-vg.js
[90m│[39m  59.84 kB │ gzip:  16.81 kB
[90m│[39m  ../../../tmp/chromatic--6974-qgyZFgk25eUN/assets/DateCalendar-YF-JWk5n.js
[90m│[39m  61.65 kB │ gzip:  19.10 kB
[90m│[39m  ../../../tmp/chromatic--6974-qgyZFgk25eUN/assets/MileageTracking.stories-CPXzvDIg.js
[90m│[39m  61.67 kB │ gzip:  16.08 kB
[90m│[39m  ../../../tmp/chromatic--6974-qgyZFgk25eUN/assets/UnifiedReports.stories-IE2qZbqS.js
[90m│[39m  65.19 kB │ gzip:  19.95 kB
[90m│[39m  ../../../tmp/chromatic--6974-qgyZFgk25eUN/assets/TimeTracking.stories-D3BgwWoF.js
[90m│[39m  68.65 kB │ gzip:  18.27 kB
[90m│[39m  ../../../tmp/chromatic--6974-qgyZFgk25eUN/assets/useForm-uVNpqaqR.js
[90m│[39m  73.16 kB │ gzip:  18.40 kB
[90m│[39m  ../../../tmp/chromatic--6974-qgyZFgk25eUN/assets/useIntlFormatter-WrkAOBcO.js
[90m│[39m  76.30 kB │ gzip:  18.99 kB
[90m│[39m  ../../../tmp/chromatic--6974-qgyZFgk25eUN/assets/Table-Ca8rRaJ-.js
[90m│[39m  78.57 kB │ gzip:  23.81 kB
[90m│[39m  ../../../tmp/chromatic--6974-qgyZFgk25eUN/assets/ComboBox-D3mWtfYw.js
[90m│[39m  88.51 kB │ gzip:  31.00 kB
[90m│[39m  ../../../tmp/chromatic--6974-qgyZFgk25eUN/assets/DatePicker-BGsyOfKY.js
[90m│[39m  90.63 kB │ gzip:  28.77 kB
[90m│[39m  ../../../tmp/chromatic--6974-qgyZFgk25eUN/assets/Invoices.stories-BRxA5-JB.js
[90m│[39m  106.38 kB │ gzip:  27.57 kB
[90m│[39m  ../../../tmp/chromatic--6974-qgyZFgk25eUN/assets/react-dom-BKWOq9SK.js
[90m│[39m  132.81 kB │ gzip:  43.06 kB
[90m│[39m  ../../../tmp/chromatic--6974-qgyZFgk25eUN/assets/AnimatedPresenceElement-D0grEWcE.js
[90m│[39m  134.42 kB │ gzip:  44.49 kB
[90m│[39m  ../../../tmp/chromatic--6974-qgyZFgk25eUN/assets/ProfitAndLoss-OufsaBWk.js
[90m│[39m  136.36 kB │ gzip:  36.91 kB
[90m│[39m  ../../../tmp/chromatic--6974-qgyZFgk25eUN/assets/Schema-Cgxujfvd.js
[90m│[39m  220.45 kB │ gzip:  69.63 kB
[90m│[39m  ../../../tmp/chromatic--6974-qgyZFgk25eUN/assets/createQueryHook-DtejJQC7.js
[90m│[39m  258.09 kB │ gzip:  76.37 kB
[90m│[39m  ../../../tmp/chromatic--6974-qgyZFgk25eUN/assets/CategoricalChart-BWvX1KQd.js
[90m│[39m  272.33 kB │ gzip:  85.68 kB
[90m│[39m  ../../../tmp/chromatic--6974-qgyZFgk25eUN/assets/bankTransactions-BX3X4WFC.js
[90m│[39m  328.02 kB │ gzip:  85.77 kB
[90m│[39m  ../../../tmp/chromatic--6974-qgyZFgk25eUN/assets/handlers-DrvGD-y7.js
[90m│[39m  1,194.94 kB │ gzip: 313.05 kB
[90m│[39m  ../../../tmp/chromatic--6974-qgyZFgk25eUN/assets/iframe-B8KV8dk6.js
[90m│[39m  1,245.07 kB │ gzip: 349.40 kB

[90m│[39m
[33m▲[39m  [43mVite[49m [33m[33m[TOLERATED_TRANSFORM] [0mBig integer literals are not available in
[90m│[39m  the configured target environment.
[90m│[39m  [38;5;246m╭[0m[38;5;246m─[0m[38;5;246m[[0m node_modules/storybook/dist/preview/runtime.js:19432:31 [38;5;246m][0m
[90m│[39m  [38;5;246m│[0m
[90m│[39m  [38;5;246m19432 │[0m [38;5;249m [0m[38;5;249m [0m[38;5;249ml[0m[38;5;249me[0m[38;5;249mt[0m[38;5;249m [0m[38;5;249ma[0m[38;5;249mb[0m[38;5;249ms[0m[38;5;249m [0m[38;5;249m=[0m[38;5;249m [0m[38;5;249m_[0m[38;5;249m_[0m[38;5;249mn[0m[38;5;249ma[0m[38;5;249mm[0m[38;5;249me[0m[38;5;249m([0m[38;5;249m([0m[38;5;249mx[0m[38;5;249m)[0m[38;5;249m [0m[38;5;249m=[0m[38;5;249m>[0m[38;5;249m [0m[38;5;249mx[0m[38;5;249m [0m[38;5;249m<[0m[38;5;249m [0m0n[38;5;249m [0m[38;5;249m?[0m[38;5;249m [0m[38;5;249m-[0m[38;5;249mx[0m[38;5;249m [0m[38;5;249m:[0m[38;5;249m [0m[38;5;249mx[0m[38;5;249m,[0m[38;5;249m [0m[38;5;249m"[0m[38;5;249ma[0m[38;5;249mb[0m[38;5;249ms[0m[38;5;249m"[0m[38;5;249m)[0m[38;5;249m,[0m[38;5;249m [0m[38;5;249ms[0m[38;5;249mt[0m[38;5;249mr[0m[38;5;249mi[0m[38;5;249mp[0m[38;5;249m [0m[38;5;249m=[0m[38;5;249m
[90m│[39m  [0m[38;5;249m_[0m[38;5;249m_[0m[38;5;249mn[0m[38;5;249ma[0m[38;5;249mm[0m[38;5;249me[0m[38;5;249m([0m[38;5;249m([0m[38;5;249mn[0m[38;5;249mu[0m[38;5;249mm[0m[38;5;249mb[0m[38;5;249me[0m[38;5;249mr[0m[38;5;249m)[0m[38;5;249m [0m[38;5;249m=[0m[38;5;249m>[0m[38;5;249m [0m[38;5;249mp[0m[38;5;249ma[0m[38;5;249mr[0m[38;5;249ms[0m[38;5;249me[0m[38;5;249mF[0m[38;5;249ml[0m[38;5;249mo[0m[38;5;249ma[0m[38;5;249mt[0m[38;5;249m([0m[38;5;249mp[0m[38;5;249ma[0m[38;5;249mr[0m[38;5;249ms[0m[38;5;249me[0m[38;5;249mF[0m[38;5;249ml[0m[38;5;249mo[0m[38;5;249ma[0m[38;5;249mt[0m[38;5;249m([0m[38;5;249mn[0m[38;5;249mu[0m[38;5;249mm[0m[38;5;249mb[0m[38;5;249me[0m[38;5;249mr[0m[38;5;249m)[0m[38;5;249m.[0m[38;5;249mt[0m[38;5;249mo[0m[38;5;249mP[0m[38;5;249mr[0m[38;5;249me[0m[38;5;249mc[0m[38;5;249mi[0m[38;5;249ms[0m[38;5;249mi[0m[38;5;249mo[0m[38;5;249mn[0m[38;5;249m([0m[38;5;249m1[0m[38;5;249m2[0m[38;5;249m)[0m[38;5;249m)[0m[38;5;249m,[0m[38;5;249m
[90m│[39m  [0m[38;5;249m"[0m[38;5;249ms[0m[38;5;249mt[0m[38;5;249mr[0m[38;5;249mi[0m[38;5;249mp[0m[38;5;249m"[0m[38;5;249m)[0m[38;5;249m;[0m
[90m│[39m  [38;5;240m│[0m                               ─┬
[90m│[39m  [38;5;240m│[0m                                ╰──
[90m│[39m  [38;5;246m───────╯[0m
[90m│[39m  [39m
[90m│[39m
[33m▲[39m  [43mVite[49m [33m[plugin builtin:vite-reporter]
[90m│[39m  (!) Some chunks are larger than 500 kB after minification. Consider:
[90m│[39m  - Using dynamic import() to code-split the application
[90m│[39m  - Use build.rolldownOptions.output.codeSplitting to improve chunking:
[90m│[39m  ]8;;https://rolldown.rs/reference/OutputOptions.codeSplittinghttps://rolldown.rs/reference/OutputOptions.codeSplitting]8;;
[90m│[39m  - Adjust chunk size limit for this warning via
[90m│[39m  build.chunkSizeWarningLimit.[39m
[90m│[39m
[33m▲[39m  [43mVite[49m [33m[33m[TOLERATED_TRANSFORM] [0mBig integer literals are not available in
[90m│[39m  the configured target environment.
[90m│[39m  [38;5;246m╭[0m[38;5;246m─[0m[38;5;246m[[0m node_modules/effect/dist/esm/BigDecimal.js:958:32 [38;5;246m][0m
[90m│[39m  [38;5;246m│[0m
[90m│[39m  [38;5;246m958 │[0m [38;5;249m [0m[38;5;249m [0m[38;5;249m [0m[38;5;249m [0m[38;5;249mr[0m[38;5;249me[0m[38;5;249mt[0m[38;5;249mu[0m[38;5;249mr[0m[38;5;249mn[0m[38;5;249m [0m[38;5;249ms[0m[38;5;249mu[0m[38;5;249mm[0m[38;5;249m([0m[38;5;249mt[0m[38;5;249mr[0m[38;5;249mu[0m[38;5;249mn[0m[38;5;249mc[0m[38;5;249ma[0m[38;5;249mt[0m[38;5;249me[0m[38;5;249md[0m[38;5;249m,[0m[38;5;249m [0m[38;5;249mm[0m[38;5;249ma[0m[38;5;249mk[0m[38;5;249me[0m[38;5;249m([0m1n[38;5;249m,[0m[38;5;249m [0m[38;5;249ms[0m[38;5;249mc[0m[38;5;249ma[0m[38;5;249ml[0m[38;5;249me[0m[38;5;249m)[0m[38;5;249m)[0m[38;5;249m;[0m
[90m│[39m  [38;5;240m│[0m                                ─┬
[90m│[39m  [38;5;240m│[0m                                 ╰──
[90m│[39m  [38;5;246m─────╯[0m
[90m│[39m  [39m
[90m│[39m
[33m▲[39m  [43mVite[49m [33m[33m[TOLERATED_TRANSFORM] [0mBig integer literals are not available in
[90m│[39m  the configured target environment.
[90m│[39m  [38;5;246m╭[0m[38;5;246m─[0m[38;5;246m[[0m node_modules/effect/dist/esm/BigDecimal.js:980:33 [38;5;246m][0m
[90m│[39m  [38;5;246m│[0m
[90m│[39m  [38;5;246m980 │[0m [38;5;249m [0m[38;5;249m [0m[38;5;249m [0m[38;5;249m [0m[38;5;249mr[0m[38;5;249me[0m[38;5;249mt[0m[38;5;249mu[0m[38;5;249mr[0m[38;5;249mn[0m[38;5;249m [0m[38;5;249ms[0m[38;5;249mu[0m[38;5;249mm[0m[38;5;249m([0m[38;5;249mt[0m[38;5;249mr[0m[38;5;249mu[0m[38;5;249mn[0m[38;5;249mc[0m[38;5;249ma[0m[38;5;249mt[0m[38;5;249me[0m[38;5;249md[0m[38;5;249m,[0m[38;5;249m [0m[38;5;249mm[0m[38;5;249ma[0m[38;5;249mk[0m[38;5;249me[0m[38;5;249m([0m[38;5;249m-[0m1n[38;5;249m,[0m[38;5;249m [0m[38;5;249ms[0m[38;5;249mc[0m[38;5;249ma[0m[38;5;249ml[0m[38;5;249me[0m[38;5;249m)[0m[38;5;249m)[0m[38;5;249m;[0m
[90m│[39m  [38;5;240m│[0m                                 ─┬
[90m│[39m  [38;5;240m│[0m                                  ╰──
[90m│[39m  [38;5;246m─────╯[0m
[90m│[39m  [39m
[90m│[39m
[33m▲[39m  [43mVite[49m [33m[33m[TOLERATED_TRANSFORM] [0mBig integer literals are not available in
[90m│[39m  the configured target environment.
[90m│[39m  [38;5;246m╭[0m[38;5;246m─[0m[38;5;246m[[0m node_modules/effect/dist/esm/BigDecimal.js:1004:28 [38;5;246m][0m
[90m│[39m  [38;5;246m│[0m
[90m│[39m  [38;5;246m1004 │[0m [38;5;249m [0m[38;5;249m [0m[38;5;249mr[0m[38;5;249me[0m[38;5;249mt[0m[38;5;249mu[0m[38;5;249mr[0m[38;5;249mn[0m[38;5;249m [0m[38;5;249mm[0m[38;5;249ma[0m[38;5;249mk[0m[38;5;249me[0m[38;5;249m([0m[38;5;249ms[0m[38;5;249me[0m[38;5;249ml[0m[38;5;249mf[0m[38;5;249m.[0m[38;5;249mv[0m[38;5;249ma[0m[38;5;249ml[0m[38;5;249mu[0m[38;5;249me[0m[38;5;249m [0m[38;5;249m/[0m[38;5;249m [0m10n[38;5;249m [0m[38;5;249m*[0m[38;5;249m*[0m[38;5;249m [0m[38;5;249mB[0m[38;5;249mi[0m[38;5;249mg[0m[38;5;249mI[0m[38;5;249mn[0m[38;5;249mt[0m[38;5;249m([0m[38;5;249ms[0m[38;5;249me[0m[38;5;249ml[0m[38;5;249mf[0m[38;5;249m.[0m[38;5;249ms[0m[38;5;249mc[0m[38;5;249ma[0m[38;5;249ml[0m[38;5;249me[0m[38;5;249m [0m[38;5;249m-[0m[38;5;249m [0m[38;5;249ms[0m[38;5;249mc[0m[38;5;249ma[0m[38;5;249ml[0m[38;5;249me[0m[38;5;249m)[0m[38;5;249m,[0m[38;5;249m
[90m│[39m  [0m[38;5;249ms[0m[38;5;249mc[0m[38;5;249ma[0m[38;5;249ml[0m[38;5;249me[0m[38;5;249m)[0m[38;5;249m;[0m
[90m│[39m  [38;5;240m│[0m                            ─┬─
[90m│[39m  [38;5;240m│[0m                             ╰───
[90m│[39m  [38;5;246m──────╯[0m
[90m│[39m  [39m
[90m│[39m
[33m▲[39m  [43mVite[49m [33m[33m[TOLERATED_TRANSFORM] [0mBig integer literals are not available in
[90m│[39m  the configured target environment.
[90m│[39m  [38;5;246m╭[0m[38;5;246m─[0m[38;5;246m[[0m node_modules/effect/dist/esm/BigDecimal.js:1015:12 [38;5;246m][0m
[90m│[39m  [38;5;246m│[0m
[90m│[39m  [38;5;246m1015 │[0m [38;5;249m [0m[38;5;249m [0m[38;5;249m [0m[38;5;249m [0m[38;5;249mr[0m[38;5;249me[0m[38;5;249mt[0m[38;5;249mu[0m[38;5;249mr[0m[38;5;249mn[0m[38;5;249m [0m0n[38;5;249m;[0m
[90m│[39m  [38;5;240m│[0m            ─┬
[90m│[39m  [38;5;240m│[0m             ╰──
[90m│[39m  [38;5;246m──────╯[0m
[90m│[39m  [39m
[90m│[39m
[33m▲[39m  [43mVite[49m [33m[33m[TOLERATED_TRANSFORM] [0mBig integer literals are not available in
[90m│[39m  the configured target environment.
[90m│[39m  [38;5;246m╭[0m[38;5;246m─[0m[38;5;246m[[0m node_modules/effect/dist/esm/BigDecimal.js:1017:31 [38;5;246m][0m
[90m│[39m  [38;5;246m│[0m
[90m│[39m  [38;5;246m1017 │[0m [38;5;249m [0m[38;5;249m [0m[38;5;249mc[0m[38;5;249mo[0m[38;5;249mn[0m[38;5;249ms[0m[38;5;249mt[0m[38;5;249m [0m[38;5;249ms[0m[38;5;249mc[0m[38;5;249ma[0m[38;5;249ml[0m[38;5;249me[0m[38;5;249md[0m[38;5;249m [0m[38;5;249m=[0m[38;5;249m [0m[38;5;249ms[0m[38;5;249me[0m[38;5;249ml[0m[38;5;249mf[0m[38;5;249m.[0m[38;5;249mv[0m[38;5;249ma[0m[38;5;249ml[0m[38;5;249mu[0m[38;5;249me[0m[38;5;249m [0m[38;5;249m/[0m[38;5;249m [0m10n[38;5;249m [0m[38;5;249m*[0m[38;5;249m*[0m[38;5;249m [0m[38;5;249mB[0m[38;5;249mi[0m[38;5;249mg[0m[38;5;249mI[0m[38;5;249mn[0m[38;5;249mt[0m[38;5;249m([0m[38;5;249ms[0m[38;5;249me[0m[38;5;249ml[0m[38;5;249mf[0m[38;5;249m.[0m[38;5;249ms[0m[38;5;249mc[0m[38;5;249ma[0m[38;5;249ml[0m[38;5;249me[0m[38;5;249m [0m[38;5;249m-[0m[38;5;249m
[90m│[39m  [0m[38;5;249ms[0m[38;5;249mc[0m[38;5;249ma[0m[38;5;249ml[0m[38;5;249me[0m[38;5;249m)[0m[38;5;249m;[0m
[90m│[39m  [38;5;240m│[0m                               ─┬─
[90m│[39m  [38;5;240m│[0m                                ╰───
[90m│[39m  [38;5;246m──────╯[0m
[90m│[39m  [39m
[90m│[39m
[33m▲[39m  [43mVite[49m [33m[33m[TOLERATED_TRANSFORM] [0mBig integer literals are not available in
[90m│[39m  the configured target environment.
[90m│[39m  [38;5;246m╭[0m[38;5;246m─[0m[38;5;246m[[0m node_modules/effect/dist/esm/BigDecimal.js:1018:19 [38;5;246m][0m
[90m│[39m  [38;5;246m│[0m
[90m│[39m  [38;5;246m1018 │[0m [38;5;249m [0m[38;5;249m [0m[38;5;249mr[0m[38;5;249me[0m[38;5;249mt[0m[38;5;249mu[0m[38;5;249mr[0m[38;5;249mn[0m[38;5;249m [0m[38;5;249ms[0m[38;5;249mc[0m[38;5;249ma[0m[38;5;249ml[0m[38;5;249me[0m[38;5;249md[0m[38;5;249m [0m[38;5;249m%[0m[38;5;249m [0m10n[38;5;249m;[0m
[90m│[39m  [38;5;240m│[0m                   ─┬─
[90m│[39m  [38;5;240m│[0m                    ╰───
[90m│[39m  [38;5;246m──────╯[0m
[90m│[39m  [39m
[90m│[39m
[33m▲[39m  [43mVite[49m [33m[33m[TOLERATED_TRANSFORM] [0mBig integer literals are not available in
[90m│[39m  the configured target environment.
[90m│[39m  [38;5;246m╭[0m[38;5;246m─[0m[38;5;246m[[0m node_modules/effect/dist/esm/BigDecimal.js:1048:35 [38;5;246m][0m
[90m│[39m  [38;5;246m│[0m
[90m│[39m  [38;5;246m1048 │[0m [38;5;249m [0m[38;5;249m [0m[38;5;249m [0m[38;5;249m [0m[38;5;249m [0m[38;5;249m [0m[38;5;249mr[0m[38;5;249me[0m[38;5;249mt[0m[38;5;249mu[0m[38;5;249mr[0m[38;5;249mn[0m[38;5;249m [0m[38;5;249mf[0m[38;5;249ml[0m[38;5;249mo[0m[38;5;249mo[0m[38;5;249mr[0m[38;5;249m([0m[38;5;249ms[0m[38;5;249mu[0m[38;5;249mm[0m[38;5;249m([0m[38;5;249ms[0m[38;5;249me[0m[38;5;249ml[0m[38;5;249mf[0m[38;5;249m,[0m[38;5;249m [0m[38;5;249mm[0m[38;5;249ma[0m[38;5;249mk[0m[38;5;249me[0m[38;5;249m([0m5n[38;5;249m,[0m[38;5;249m [0m[38;5;249ms[0m[38;5;249mc[0m[38;5;249ma[0m[38;5;249ml[0m[38;5;249me[0m[38;5;249m [0m[38;5;249m+[0m[38;5;249m [0m[38;5;249m1[0m[38;5;249m)[0m[38;5;249m)[0m[38;5;249m,[0m[38;5;249m [0m[38;5;249ms[0m[38;5;249mc[0m[38;5;249ma[0m[38;5;249ml[0m[38;5;249me[0m[38;5;249m)[0m[38;5;249m;[0m
[90m│[39m  [38;5;240m│[0m                                   ─┬
[90m│[39m  [38;5;240m│[0m                                    ╰──
[90m│[39m  [38;5;246m──────╯[0m
[90m│[39m  [39m
[90m│[39m
[33m▲[39m  [43mVite[49m [33m[33m[TOLERATED_TRANSFORM] [0mBig integer literals are not available in
[90m│[39m  the configured target environment.
[90m│[39m  [38;5;246m╭[0m[38;5;246m─[0m[38;5;246m[[0m node_modules/effect/dist/esm/BigDecimal.js:1050:35 [38;5;246m][0m
[90m│[39m  [38;5;246m│[0m
[90m│[39m  [38;5;246m1050 │[0m [38;5;249m [0m[38;5;249m [0m[38;5;249m [0m[38;5;249m [0m[38;5;249m [0m[38;5;249m [0m[38;5;249mr[0m[38;5;249me[0m[38;5;249mt[0m[38;5;249mu[0m[38;5;249mr[0m[38;5;249mn[0m[38;5;249m [0m[38;5;249mc[0m[38;5;249me[0m[38;5;249mi[0m[38;5;249ml[0m[38;5;249m([0m[38;5;249ms[0m[38;5;249mu[0m[38;5;249mm[0m[38;5;249m([0m[38;5;249ms[0m[38;5;249me[0m[38;5;249ml[0m[38;5;249mf[0m[38;5;249m,[0m[38;5;249m [0m[38;5;249mm[0m[38;5;249ma[0m[38;5;249mk[0m[38;5;249me[0m[38;5;249m([0m[38;5;249m-[0m5n[38;5;249m,[0m[38;5;249m [0m[38;5;249ms[0m[38;5;249mc[0m[38;5;249ma[0m[38;5;249ml[0m[38;5;249me[0m[38;5;249m [0m[38;5;249m+[0m[38;5;249m [0m[38;5;249m1[0m[38;5;249m)[0m[38;5;249m)[0m[38;5;249m,[0m[38;5;249m [0m[38;5;249ms[0m[38;5;249mc[0m[38;5;249ma[0m[38;5;249ml[0m[38;5;249me[0m[38;5;249m)[0m[38;5;249m;[0m
[90m│[39m  [38;5;240m│[0m                                   ─┬
[90m│[39m  [38;5;240m│[0m                                    ╰──
[90m│[39m  [38;5;246m──────╯[0m
[90m│[39m  [39m
[90m│[39m
[33m▲[39m  [43mVite[49m [33m[33m[TOLERATED_TRANSFORM] [0mBig integer literals are not available in
[90m│[39m  the configured target environment.
[90m│[39m  [38;5;246m╭[0m[38;5;246m─[0m[38;5;246m[[0m node_modules/effect/dist/esm/BigDecimal.js:1052:54 [38;5;246m][0m
[90m│[39m  [38;5;246m│[0m
[90m│[39m  [38;5;246m1052 │[0m [38;5;249m [0m[38;5;249m [0m[38;5;249m [0m[38;5;249m [0m[38;5;249m [0m[38;5;249m [0m[38;5;249mr[0m[38;5;249me[0m[38;5;249mt[0m[38;5;249mu[0m[38;5;249mr[0m[38;5;249mn[0m[38;5;249m [0m[38;5;249mi[0m[38;5;249ms[0m[38;5;249mN[0m[38;5;249me[0m[38;5;249mg[0m[38;5;249ma[0m[38;5;249mt[0m[38;5;249mi[0m[38;5;249mv[0m[38;5;249me[0m[38;5;249m([0m[38;5;249ms[0m[38;5;249me[0m[38;5;249ml[0m[38;5;249mf[0m[38;5;249m)[0m[38;5;249m [0m[38;5;249m?[0m[38;5;249m [0m[38;5;249mf[0m[38;5;249ml[0m[38;5;249mo[0m[38;5;249mo[0m[38;5;249mr[0m[38;5;249m([0m[38;5;249ms[0m[38;5;249mu[0m[38;5;249mm[0m[38;5;249m([0m[38;5;249ms[0m[38;5;249me[0m[38;5;249ml[0m[38;5;249mf[0m[38;5;249m,[0m[38;5;249m [0m[38;5;249mm[0m[38;5;249ma[0m[38;5;249mk[0m[38;5;249me[0m[38;5;249m([0m5n[38;5;249m,[0m[38;5;249m [0m[38;5;249ms[0m[38;5;249mc[0m[38;5;249ma[0m[38;5;249ml[0m[38;5;249me[0m[38;5;249m
[90m│[39m  [0m[38;5;249m+[0m[38;5;249m [0m[38;5;249m1[0m[38;5;249m)[0m[38;5;249m)[0m[38;5;249m,[0m[38;5;249m [0m[38;5;249ms[0m[38;5;249mc[0m[38;5;249ma[0m[38;5;249ml[0m[38;5;249me[0m[38;5;249m)[0m[38;5;249m [0m[38;5;249m:[0m[38;5;249m [0m[38;5;249mc[0m[38;5;249me[0m[38;5;249mi[0m[38;5;249ml[0m[38;5;249m([0m[38;5;249ms[0m[38;5;249mu[0m[38;5;249mm[0m[38;5;249m([0m[38;5;249ms[0m[38;5;249me[0m[38;5;249ml[0m[38;5;249mf[0m[38;5;249m,[0m[38;5;249m [0m[38;5;249mm[0m[38;5;249ma[0m[38;5;249mk[0m[38;5;249me[0m[38;5;249m([0m[38;5;249m-[0m[38;5;249m5[0m[38;5;249mn[0m[38;5;249m,[0m[38;5;249m [0m[38;5;249ms[0m[38;5;249mc[0m[38;5;249ma[0m[38;5;249ml[0m[38;5;249me[0m[38;5;249m [0m[38;5;249m+[0m[38;5;249m [0m[38;5;249m1[0m[38;5;249m)[0m[38;5;249m)[0m[38;5;249m,[0m[38;5;249m [0m[38;5;249ms[0m[38;5;249mc[0m[38;5;249ma[0m[38;5;249ml[0m[38;5;249me[0m[38;5;249m)[0m[38;5;249m;[0m
[90m│[39m  [38;5;240m│[0m                                                      ─┬
[90m│[39m  [38;5;240m│[0m                                                       ╰──
[90m│[39m  [38;5;246m──────╯[0m
[90m│[39m  [39m
[90m│[39m
[33m▲[39m  [43mVite[49m [33m[33m[TOLERATED_TRANSFORM] [0mBig integer literals are not available in
[90m│[39m  the configured target environment.
[90m│[39m  [38;5;246m╭[0m[38;5;246m─[0m[38;5;246m[[0m node_modules/effect/dist/esm/BigDecimal.js:1052:101 [38;5;246m][0m
[90m│[39m  [38;5;246m│[0m
[90m│[39m  [38;5;246m1052 │[0m [38;5;249m [0m[38;5;249m [0m[38;5;249m [0m[38;5;249m [0m[38;5;249m [0m[38;5;249m [0m[38;5;249mr[0m[38;5;249me[0m[38;5;249mt[0m[38;5;249mu[0m[38;5;249mr[0m[38;5;249mn[0m[38;5;249m [0m[38;5;249mi[0m[38;5;249ms[0m[38;5;249mN[0m[38;5;249me[0m[38;5;249mg[0m[38;5;249ma[0m[38;5;249mt[0m[38;5;249mi[0m[38;5;249mv[0m[38;5;249me[0m[38;5;249m([0m[38;5;249ms[0m[38;5;249me[0m[38;5;249ml[0m[38;5;249mf[0m[38;5;249m)[0m[38;5;249m [0m[38;5;249m?[0m[38;5;249m [0m[38;5;249mf[0m[38;5;249ml[0m[38;5;249mo[0m[38;5;249mo[0m[38;5;249mr[0m[38;5;249m([0m[38;5;249ms[0m[38;5;249mu[0m[38;5;249mm[0m[38;5;249m([0m[38;5;249ms[0m[38;5;249me[0m[38;5;249ml[0m[38;5;249mf[0m[38;5;249m,[0m[38;5;249m [0m[38;5;249mm[0m[38;5;249ma[0m[38;5;249mk[0m[38;5;249me[0m[38;5;249m([0m[38;5;249m5[0m[38;5;249mn[0m[38;5;249m,[0m[38;5;249m [0m[38;5;249ms[0m[38;5;249mc[0m[38;5;249ma[0m[38;5;249ml[0m[38;5;249me[0m[38;5;249m
[90m│[39m  [0m[38;5;249m+[0m[38;5;249m [0m[38;5;249m1[0m[38;5;249m)[0m[38;5;249m)[0m[38;5;249m,[0m[38;5;249m [0m[38;5;249ms[0m[38;5;249mc[0m[38;5;249ma[0m[38;5;249ml[0m[38;5;249me[0m[38;5;249m)[0m[38;5;249m [0m[38;5;249m:[0m[38;5;249m [0m[38;5;249mc[0m[38;5;249me[0m[38;5;249mi[0m[38;5;249ml[0m[38;5;249m([0m[38;5;249ms[0m[38;5;249mu[0m[38;5;249mm[0m[38;5;249m([0m[38;5;249ms[0m[38;5;249me[0m[38;5;249ml[0m[38;5;249mf[0m[38;5;249m,[0m[38;5;249m [0m[38;5;249mm[0m[38;5;249ma[0m[38;5;249mk[0m[38;5;249me[0m[38;5;249m([0m[38;5;249m-[0m5n[38;5;249m,[0m[38;5;249m [0m[38;5;249ms[0m[38;5;249mc[0m[38;5;249ma[0m[38;5;249ml[0m[38;5;249me[0m[38;5;249m [0m[38;5;249m+[0m[38;5;249m [0m[38;5;249m1[0m[38;5;249m)[0m[38;5;249m)[0m[38;5;249m,[0m[38;5;249m [0m[38;5;249ms[0m[38;5;249mc[0m[38;5;249ma[0m[38;5;249ml[0m[38;5;249me[0m[38;5;249m)[0m[38;5;249m;[0m
[90m│[39m  [38;5;240m│[0m
[90m│[39m  ─┬
[90m│[39m  [38;5;240m│[0m
[90m│[39m  ╰──
[90m│[39m  [38;5;246m──────╯[0m
[90m│[39m  [39m
[90m│[39m
[33m▲[39m  [43mVite[49m [33m[33m[TOLERATED_TRANSFORM] [0mBig integer literals are not available in
[90m│[39m  the configured target environment.
[90m│[39m  [38;5;246m╭[0m[38;5;246m─[0m[38;5;246m[[0m node_modules/effect/dist/esm/BigDecimal.js:1054:54 [38;5;246m][0m
[90m│[39m  [38;5;246m│[0m
[90m│[39m  [38;5;246m1054 │[0m [38;5;249m [0m[38;5;249m [0m[38;5;249m [0m[38;5;249m [0m[38;5;249m [0m[38;5;249m [0m[38;5;249mr[0m[38;5;249me[0m[38;5;249mt[0m[38;5;249mu[0m[38;5;249mr[0m[38;5;249mn[0m[38;5;249m [0m[38;5;249mi[0m[38;5;249ms[0m[38;5;249mN[0m[38;5;249me[0m[38;5;249mg[0m[38;5;249ma[0m[38;5;249mt[0m[38;5;249mi[0m[38;5;249mv[0m[38;5;249me[0m[38;5;249m([0m[38;5;249ms[0m[38;5;249me[0m[38;5;249ml[0m[38;5;249mf[0m[38;5;249m)[0m[38;5;249m [0m[38;5;249m?[0m[38;5;249m [0m[38;5;249mc[0m[38;5;249me[0m[38;5;249mi[0m[38;5;249ml[0m[38;5;249m([0m[38;5;249ms[0m[38;5;249mu[0m[38;5;249mm[0m[38;5;249m([0m[38;5;249ms[0m[38;5;249me[0m[38;5;249ml[0m[38;5;249mf[0m[38;5;249m,[0m[38;5;249m [0m[38;5;249mm[0m[38;5;249ma[0m[38;5;249mk[0m[38;5;249me[0m[38;5;249m([0m[38;5;249m-[0m5n[38;5;249m,[0m[38;5;249m [0m[38;5;249ms[0m[38;5;249mc[0m[38;5;249ma[0m[38;5;249ml[0m[38;5;249me[0m[38;5;249m
[90m│[39m  [0m[38;5;249m+[0m[38;5;249m [0m[38;5;249m1[0m[38;5;249m)[0m[38;5;249m)[0m[38;5;249m,[0m[38;5;249m [0m[38;5;249ms[0m[38;5;249mc[0m[38;5;249ma[0m[38;5;249ml[0m[38;5;249me[0m[38;5;249m)[0m[38;5;249m [0m[38;5;249m:[0m[38;5;249m [0m[38;5;249mf[0m[38;5;249ml[0m[38;5;249mo[0m[38;5;249mo[0m[38;5;249mr[0m[38;5;249m([0m[38;5;249ms[0m[38;5;249mu[0m[38;5;249mm[0m[38;5;249m([0m[38;5;249ms[0m[38;5;249me[0m[38;5;249ml[0m[38;5;249mf[0m[38;5;249m,[0m[38;5;249m [0m[38;5;249mm[0m[38;5;249ma[0m[38;5;249mk[0m[38;5;249me[0m[38;5;249m([0m[38;5;249m5[0m[38;5;249mn[0m[38;5;249m,[0m[38;5;249m [0m[38;5;249ms[0m[38;5;249mc[0m[38;5;249ma[0m[38;5;249ml[0m[38;5;249me[0m[38;5;249m [0m[38;5;249m+[0m[38;5;249m [0m[38;5;249m1[0m[38;5;249m)[0m[38;5;249m)[0m[38;5;249m,[0m[38;5;249m [0m[38;5;249ms[0m[38;5;249mc[0m[38;5;249ma[0m[38;5;249ml[0m[38;5;249me[0m[38;5;249m)[0m[38;5;249m;[0m
[90m│[39m  [38;5;240m│[0m                                                      ─┬
[90m│[39m  [38;5;240m│[0m                                                       ╰──
[90m│[39m  [38;5;246m──────╯[0m
[90m│[39m  [39m
[90m│[39m
[33m▲[39m  [43mVite[49m [33m[33m[TOLERATED_TRANSFORM] [0mBig integer literals are not available in
[90m│[39m  the configured target environment.
[90m│[39m  [38;5;246m╭[0m[38;5;246m─[0m[38;5;246m[[0m node_modules/effect/dist/esm/BigDecimal.js:1054:101 [38;5;246m][0m
[90m│[39m  [38;5;246m│[0m
[90m│[39m  [38;5;246m1054 │[0m [38;5;249m [0m[38;5;249m [0m[38;5;249m [0m[38;5;249m [0m[38;5;249m [0m[38;5;249m [0m[38;5;249mr[0m[38;5;249me[0m[38;5;249mt[0m[38;5;249mu[0m[38;5;249mr[0m[38;5;249mn[0m[38;5;249m [0m[38;5;249mi[0m[38;5;249ms[0m[38;5;249mN[0m[38;5;249me[0m[38;5;249mg[0m[38;5;249ma[0m[38;5;249mt[0m[38;5;249mi[0m[38;5;249mv[0m[38;5;249me[0m[38;5;249m([0m[38;5;249ms[0m[38;5;249me[0m[38;5;249ml[0m[38;5;249mf[0m[38;5;249m)[0m[38;5;249m [0m[38;5;249m?[0m[38;5;249m [0m[38;5;249mc[0m[38;5;249me[0m[38;5;249mi[0m[38;5;249ml[0m[38;5;249m([0m[38;5;249ms[0m[38;5;249mu[0m[38;5;249mm[0m[38;5;249m([0m[38;5;249ms[0m[38;5;249me[0m[38;5;249ml[0m[38;5;249mf[0m[38;5;249m,[0m[38;5;249m [0m[38;5;249mm[0m[38;5;249ma[0m[38;5;249mk[0m[38;5;249me[0m[38;5;249m([0m[38;5;249m-[0m[38;5;249m5[0m[38;5;249mn[0m[38;5;249m,[0m[38;5;249m [0m[38;5;249ms[0m[38;5;249mc[0m[38;5;249ma[0m[38;5;249ml[0m[38;5;249me[0m[38;5;249m
[90m│[39m  [0m[38;5;249m+[0m[38;5;249m [0m[38;5;249m1[0m[38;5;249m)[0m[38;5;249m)[0m[38;5;249m,[0m[38;5;249m [0m[38;5;249ms[0m[38;5;249mc[0m[38;5;249ma[0m[38;5;249ml[0m[38;5;249me[0m[38;5;249m)[0m[38;5;249m [0m[38;5;249m:[0m[38;5;249m [0m[38;5;249mf[0m[38;5;249ml[0m[38;5;249mo[0m[38;5;249mo[0m[38;5;249mr[0m[38;5;249m([0m[38;5;249ms[0m[38;5;249mu[0m[38;5;249mm[0m[38;5;249m([0m[38;5;249ms[0m[38;5;249me[0m[38;5;249ml[0m[38;5;249mf[0m[38;5;249m,[0m[38;5;249m [0m[38;5;249mm[0m[38;5;249ma[0m[38;5;249mk[0m[38;5;249me[0m[38;5;249m([0m5n[38;5;249m,[0m[38;5;249m [0m[38;5;249ms[0m[38;5;249mc[0m[38;5;249ma[0m[38;5;249ml[0m[38;5;249me[0m[38;5;249m [0m[38;5;249m+[0m[38;5;249m [0m[38;5;249m1[0m[38;5;249m)[0m[38;5;249m)[0m[38;5;249m,[0m[38;5;249m [0m[38;5;249ms[0m[38;5;249mc[0m[38;5;249ma[0m[38;5;249ml[0m[38;5;249me[0m[38;5;249m)[0m[38;5;249m;[0m
[90m│[39m  [38;5;240m│[0m
[90m│[39m  ─┬
[90m│[39m  [38;5;240m│[0m
[90m│[39m  ╰──
[90m│[39m  [38;5;246m──────╯[0m
[90m│[39m  [39m
[90m│[39m
[33m▲[39m  [43mVite[49m [33m[33m[TOLERATED_TRANSFORM] [0mBig integer literals are not available in
[90m│[39m  the configured target environment.
[90m│[39m  [38;5;246m╭[0m[38;5;246m─[0m[38;5;246m[[0m node_modules/effect/dist/esm/BigDecimal.js:1056:41 [38;5;246m][0m
[90m│[39m  [38;5;246m│[0m
[90m│[39m  [38;5;246m1056 │[0m [38;5;249m [0m[38;5;249m [0m[38;5;249mc[0m[38;5;249mo[0m[38;5;249mn[0m[38;5;249ms[0m[38;5;249mt[0m[38;5;249m [0m[38;5;249mh[0m[38;5;249ma[0m[38;5;249ml[0m[38;5;249mf[0m[38;5;249mC[0m[38;5;249me[0m[38;5;249mi[0m[38;5;249ml[0m[38;5;249m [0m[38;5;249m=[0m[38;5;249m [0m[38;5;249mf[0m[38;5;249ml[0m[38;5;249mo[0m[38;5;249mo[0m[38;5;249mr[0m[38;5;249m([0m[38;5;249ms[0m[38;5;249mu[0m[38;5;249mm[0m[38;5;249m([0m[38;5;249ms[0m[38;5;249me[0m[38;5;249ml[0m[38;5;249mf[0m[38;5;249m,[0m[38;5;249m [0m[38;5;249mm[0m[38;5;249ma[0m[38;5;249mk[0m[38;5;249me[0m[38;5;249m([0m5n[38;5;249m,[0m[38;5;249m [0m[38;5;249ms[0m[38;5;249mc[0m[38;5;249ma[0m[38;5;249ml[0m[38;5;249me[0m[38;5;249m [0m[38;5;249m+[0m[38;5;249m [0m[38;5;249m1[0m[38;5;249m)[0m[38;5;249m)[0m[38;5;249m,[0m[38;5;249m
[90m│[39m  [0m[38;5;249ms[0m[38;5;249mc[0m[38;5;249ma[0m[38;5;249ml[0m[38;5;249me[0m[38;5;249m)[0m[38;5;249m;[0m
[90m│[39m  [38;5;240m│[0m                                         ─┬
[90m│[39m  [38;5;240m│[0m                                          ╰──
[90m│[39m  [38;5;246m──────╯[0m
[90m│[39m  [39m
[90m│[39m
[33m▲[39m  [43mVite[49m [33m[33m[TOLERATED_TRANSFORM] [0mBig integer literals are not available in
[90m│[39m  the configured target environment.
[90m│[39m  [38;5;246m╭[0m[38;5;246m─[0m[38;5;246m[[0m node_modules/effect/dist/esm/BigDecimal.js:1057:42 [38;5;246m][0m
[90m│[39m  [38;5;246m│[0m
[90m│[39m  [38;5;246m1057 │[0m [38;5;249m [0m[38;5;249m [0m[38;5;249mc[0m[38;5;249mo[0m[38;5;249mn[0m[38;5;249ms[0m[38;5;249mt[0m[38;5;249m [0m[38;5;249mh[0m[38;5;249ma[0m[38;5;249ml[0m[38;5;249mf[0m[38;5;249mF[0m[38;5;249ml[0m[38;5;249mo[0m[38;5;249mo[0m[38;5;249mr[0m[38;5;249m [0m[38;5;249m=[0m[38;5;249m [0m[38;5;249mc[0m[38;5;249me[0m[38;5;249mi[0m[38;5;249ml[0m[38;5;249m([0m[38;5;249ms[0m[38;5;249mu[0m[38;5;249mm[0m[38;5;249m([0m[38;5;249ms[0m[38;5;249me[0m[38;5;249ml[0m[38;5;249mf[0m[38;5;249m,[0m[38;5;249m [0m[38;5;249mm[0m[38;5;249ma[0m[38;5;249mk[0m[38;5;249me[0m[38;5;249m([0m[38;5;249m-[0m5n[38;5;249m,[0m[38;5;249m [0m[38;5;249ms[0m[38;5;249mc[0m[38;5;249ma[0m[38;5;249ml[0m[38;5;249me[0m[38;5;249m [0m[38;5;249m+[0m[38;5;249m [0m[38;5;249m1[0m[38;5;249m)[0m[38;5;249m)[0m[38;5;249m,[0m[38;5;249m
[90m│[39m  [0m[38;5;249ms[0m[38;5;249mc[0m[38;5;249ma[0m[38;5;249ml[0m[38;5;249me[0m[38;5;249m)[0m[38;5;249m;[0m
[90m│[39m  [38;5;240m│[0m                                          ─┬
[90m│[39m  [38;5;240m│[0m                                           ╰──
[90m│[39m  [38;5;246m──────╯[0m
[90m│[39m  [39m
[90m│[39m
[33m▲[39m  [43mVite[49m [33m[33m[TOLERATED_TRANSFORM] [0mBig integer literals are not available in
[90m│[39m  the configured target environment.
[90m│[39m  [38;5;246m╭[0m[38;5;246m─[0m[38;5;246m[[0m node_modules/effect/dist/esm/BigDecimal.js:1061:63 [38;5;246m][0m
[90m│[39m  [38;5;246m│[0m
[90m│[39m  [38;5;246m1061 │[0m [38;5;249m [0m[38;5;249m [0m[38;5;249m [0m[38;5;249m [0m[38;5;249m [0m[38;5;249m [0m[38;5;249mr[0m[38;5;249me[0m[38;5;249mt[0m[38;5;249mu[0m[38;5;249mr[0m[38;5;249mn[0m[38;5;249m [0m[38;5;249me[0m[38;5;249mq[0m[38;5;249mu[0m[38;5;249ma[0m[38;5;249ml[0m[38;5;249ms[0m[38;5;249m([0m[38;5;249mh[0m[38;5;249ma[0m[38;5;249ml[0m[38;5;249mf[0m[38;5;249mC[0m[38;5;249me[0m[38;5;249mi[0m[38;5;249ml[0m[38;5;249m,[0m[38;5;249m [0m[38;5;249mh[0m[38;5;249ma[0m[38;5;249ml[0m[38;5;249mf[0m[38;5;249mF[0m[38;5;249ml[0m[38;5;249mo[0m[38;5;249mo[0m[38;5;249mr[0m[38;5;249m)[0m[38;5;249m [0m[38;5;249m?[0m[38;5;249m [0m[38;5;249mh[0m[38;5;249ma[0m[38;5;249ml[0m[38;5;249mf[0m[38;5;249mC[0m[38;5;249me[0m[38;5;249mi[0m[38;5;249ml[0m[38;5;249m [0m[38;5;249m:[0m[38;5;249m [0m[38;5;249md[0m[38;5;249mi[0m[38;5;249mg[0m[38;5;249mi[0m[38;5;249mt[0m[38;5;249m [0m[38;5;249m%[0m[38;5;249m
[90m│[39m  [0m2n[38;5;249m [0m[38;5;249m=[0m[38;5;249m=[0m[38;5;249m=[0m[38;5;249m [0m[38;5;249m0[0m[38;5;249mn[0m[38;5;249m [0m[38;5;249m?[0m[38;5;249m [0m[38;5;249mh[0m[38;5;249ma[0m[38;5;249ml[0m[38;5;249mf[0m[38;5;249mC[0m[38;5;249me[0m[38;5;249mi[0m[38;5;249ml[0m[38;5;249m [0m[38;5;249m:[0m[38;5;249m [0m[38;5;249mh[0m[38;5;249ma[0m[38;5;249ml[0m[38;5;249mf[0m[38;5;249mF[0m[38;5;249ml[0m[38;5;249mo[0m[38;5;249mo[0m[38;5;249mr[0m[38;5;249m;[0m
[90m│[39m  [38;5;240m│[0m                                                               ─┬
[90m│[39m  [38;5;240m│[0m                                                                ╰──
[90m│[39m  [38;5;246m──────╯[0m
[90m│[39m  [39m
[90m│[39m
[33m▲[39m  [43mVite[49m [33m[33m[TOLERATED_TRANSFORM] [0mBig integer literals are not available in
[90m│[39m  the configured target environment.
[90m│[39m  [38;5;246m╭[0m[38;5;246m─[0m[38;5;246m[[0m node_modules/effect/dist/esm/BigDecimal.js:1061:70 [38;5;246m][0m
[90m│[39m  [38;5;246m│[0m
[90m│[39m  [38;5;246m1061 │[0m [38;5;249m [0m[38;5;249m [0m[38;5;249m [0m[38;5;249m [0m[38;5;249m [0m[38;5;249m [0m[38;5;249mr[0m[38;5;249me[0m[38;5;249mt[0m[38;5;249mu[0m[38;5;249mr[0m[38;5;249mn[0m[38;5;249m [0m[38;5;249me[0m[38;5;249mq[0m[38;5;249mu[0m[38;5;249ma[0m[38;5;249ml[0m[38;5;249ms[0m[38;5;249m([0m[38;5;249mh[0m[38;5;249ma[0m[38;5;249ml[0m[38;5;249mf[0m[38;5;249mC[0m[38;5;249me[0m[38;5;249mi[0m[38;5;249ml[0m[38;5;249m,[0m[38;5;249m [0m[38;5;249mh[0m[38;5;249ma[0m[38;5;249ml[0m[38;5;249mf[0m[38;5;249mF[0m[38;5;249ml[0m[38;5;249mo[0m[38;5;249mo[0m[38;5;249mr[0m[38;5;249m)[0m[38;5;249m [0m[38;5;249m?[0m[38;5;249m [0m[38;5;249mh[0m[38;5;249ma[0m[38;5;249ml[0m[38;5;249mf[0m[38;5;249mC[0m[38;5;249me[0m[38;5;249mi[0m[38;5;249ml[0m[38;5;249m [0m[38;5;249m:[0m[38;5;249m [0m[38;5;249md[0m[38;5;249mi[0m[38;5;249mg[0m[38;5;249mi[0m[38;5;249mt[0m[38;5;249m [0m[38;5;249m%[0m[38;5;249m
[90m│[39m  [0m[38;5;249m2[0m[38;5;249mn[0m[38;5;249m [0m[38;5;249m=[0m[38;5;249m=[0m[38;5;249m=[0m[38;5;249m [0m0n[38;5;249m [0m[38;5;249m?[0m[38;5;249m [0m[38;5;249mh[0m[38;5;249ma[0m[38;5;249ml[0m[38;5;249mf[0m[38;5;249mC[0m[38;5;249me[0m[38;5;249mi[0m[38;5;249ml[0m[38;5;249m [0m[38;5;249m:[0m[38;5;249m [0m[38;5;249mh[0m[38;5;249ma[0m[38;5;249ml[0m[38;5;249mf[0m[38;5;249mF[0m[38;5;249ml[0m[38;5;249mo[0m[38;5;249mo[0m[38;5;249mr[0m[38;5;249m;[0m
[90m│[39m  [38;5;240m│[0m
[90m│[39m  ─┬
[90m│[39m  [38;5;240m│[0m
[90m│[39m  ╰──
[90m│[39m  [38;5;246m──────╯[0m
[90m│[39m  [39m
[90m│[39m
[33m▲[39m  [43mVite[49m [33m[33m[TOLERATED_TRANSFORM] [0mBig integer literals are not available in
[90m│[39m  the configured target environment.
[90m│[39m  [38;5;246m╭[0m[38;5;246m─[0m[38;5;246m[[0m node_modules/effect/dist/esm/BigDecimal.js:1063:63 [38;5;246m][0m
[90m│[39m  [38;5;246m│[0m
[90m│[39m  [38;5;246m1063 │[0m [38;5;249m [0m[38;5;249m [0m[38;5;249m [0m[38;5;249m [0m[38;5;249m [0m[38;5;249m [0m[38;5;249mr[0m[38;5;249me[0m[38;5;249mt[0m[38;5;249mu[0m[38;5;249mr[0m[38;5;249mn[0m[38;5;249m [0m[38;5;249me[0m[38;5;249mq[0m[38;5;249mu[0m[38;5;249ma[0m[38;5;249ml[0m[38;5;249ms[0m[38;5;249m([0m[38;5;249mh[0m[38;5;249ma[0m[38;5;249ml[0m[38;5;249mf[0m[38;5;249mC[0m[38;5;249me[0m[38;5;249mi[0m[38;5;249ml[0m[38;5;249m,[0m[38;5;249m [0m[38;5;249mh[0m[38;5;249ma[0m[38;5;249ml[0m[38;5;249mf[0m[38;5;249mF[0m[38;5;249ml[0m[38;5;249mo[0m[38;5;249mo[0m[38;5;249mr[0m[38;5;249m)[0m[38;5;249m [0m[38;5;249m?[0m[38;5;249m [0m[38;5;249mh[0m[38;5;249ma[0m[38;5;249ml[0m[38;5;249mf[0m[38;5;249mC[0m[38;5;249me[0m[38;5;249mi[0m[38;5;249ml[0m[38;5;249m [0m[38;5;249m:[0m[38;5;249m [0m[38;5;249md[0m[38;5;249mi[0m[38;5;249mg[0m[38;5;249mi[0m[38;5;249mt[0m[38;5;249m [0m[38;5;249m%[0m[38;5;249m
[90m│[39m  [0m2n[38;5;249m [0m[38;5;249m=[0m[38;5;249m=[0m[38;5;249m=[0m[38;5;249m [0m[38;5;249m0[0m[38;5;249mn[0m[38;5;249m [0m[38;5;249m?[0m[38;5;249m [0m[38;5;249mh[0m[38;5;249ma[0m[38;5;249ml[0m[38;5;249mf[0m[38;5;249mF[0m[38;5;249ml[0m[38;5;249mo[0m[38;5;249mo[0m[38;5;249mr[0m[38;5;249m [0m[38;5;249m:[0m[38;5;249m [0m[38;5;249mh[0m[38;5;249ma[0m[38;5;249ml[0m[38;5;249mf[0m[38;5;249mC[0m[38;5;249me[0m[38;5;249mi[0m[38;5;249ml[0m[38;5;249m;[0m
[90m│[39m  [38;5;240m│[0m                                                               ─┬
[90m│[39m  [38;5;240m│[0m                                                                ╰──
[90m│[39m  [38;5;246m──────╯[0m
[90m│[39m  [39m
[90m│[39m
[33m▲[39m  [43mVite[49m [33m[33m[TOLERATED_TRANSFORM] [0mBig integer literals are not available in
[90m│[39m  the configured target environment.
[90m│[39m  [38;5;246m╭[0m[38;5;246m─[0m[38;5;246m[[0m node_modules/effect/dist/esm/BigDecimal.js:1063:70 [38;5;246m][0m
[90m│[39m  [38;5;246m│[0m
[90m│[39m  [38;5;246m1063 │[0m [38;5;249m [0m[38;5;249m [0m[38;5;249m [0m[38;5;249m [0m[38;5;249m [0m[38;5;249m [0m[38;5;249mr[0m[38;5;249me[0m[38;5;249mt[0m[38;5;249mu[0m[38;5;249mr[0m[38;5;249mn[0m[38;5;249m [0m[38;5;249me[0m[38;5;249mq[0m[38;5;249mu[0m[38;5;249ma[0m[38;5;249ml[0m[38;5;249ms[0m[38;5;249m([0m[38;5;249mh[0m[38;5;249ma[0m[38;5;249ml[0m[38;5;249mf[0m[38;5;249mC[0m[38;5;249me[0m[38;5;249mi[0m[38;5;249ml[0m[38;5;249m,[0m[38;5;249m [0m[38;5;249mh[0m[38;5;249ma[0m[38;5;249ml[0m[38;5;249mf[0m[38;5;249mF[0m[38;5;249ml[0m[38;5;249mo[0m[38;5;249mo[0m[38;5;249mr[0m[38;5;249m)[0m[38;5;249m [0m[38;5;249m?[0m[38;5;249m [0m[38;5;249mh[0m[38;5;249ma[0m[38;5;249ml[0m[38;5;249mf[0m[38;5;249mC[0m[38;5;249me[0m[38;5;249mi[0m[38;5;249ml[0m[38;5;249m [0m[38;5;249m:[0m[38;5;249m [0m[38;5;249md[0m[38;5;249mi[0m[38;5;249mg[0m[38;5;249mi[0m[38;5;249mt[0m[38;5;249m [0m[38;5;249m%[0m[38;5;249m
[90m│[39m  [0m[38;5;249m2[0m[38;5;249mn[0m[38;5;249m [0m[38;5;249m=[0m[38;5;249m=[0m[38;5;249m=[0m[38;5;249m [0m0n[38;5;249m [0m[38;5;249m?[0m[38;5;249m [0m[38;5;249mh[0m[38;5;249ma[0m[38;5;249ml[0m[38;5;249mf[0m[38;5;249mF[0m[38;5;249ml[0m[38;5;249mo[0m[38;5;249mo[0m[38;5;249mr[0m[38;5;249m [0m[38;5;249m:[0m[38;5;249m [0m[38;5;249mh[0m[38;5;249ma[0m[38;5;249ml[0m[38;5;249mf[0m[38;5;249mC[0m[38;5;249me[0m[38;5;249mi[0m[38;5;249ml[0m[38;5;249m;[0m
[90m│[39m  [38;5;240m│[0m
[90m│[39m  ─┬
[90m│[39m  [38;5;240m│[0m
[90m│[39m  ╰──
[90m│[39m  [38;5;246m──────╯[0m
[90m│[39m  [39m
[90m│[39m
[33m▲[39m  [43mVite[49m [33m[33m[TOLERATED_TRANSFORM] [0mBig integer literals are not available in
[90m│[39m  the configured target environment.
[90m│[39m  [38;5;246m╭[0m[38;5;246m─[0m[38;5;246m[[0m node_modules/effect/dist/esm/Schema.js:2809:24 [38;5;246m][0m
[90m│[39m  [38;5;246m│[0m
[90m│[39m  [38;5;246m2809 │[0m [38;5;249m [0m[38;5;249m [0m[38;5;249md[0m[38;5;249me[0m[38;5;249ms[0m[38;5;249mc[0m[38;5;249mr[0m[38;5;249mi[0m[38;5;249mp[0m[38;5;249mt[0m[38;5;249mi[0m[38;5;249mo[0m[38;5;249mn[0m[38;5;249m:[0m[38;5;249m [0m[38;5;249mm[0m[38;5;249mi[0m[38;5;249mn[0m[38;5;249m [0m[38;5;249m=[0m[38;5;249m=[0m[38;5;249m=[0m[38;5;249m [0m0n[38;5;249m [0m[38;5;249m?[0m[38;5;249m [0m[38;5;249m"[0m[38;5;249ma[0m[38;5;249m [0m[38;5;249mp[0m[38;5;249mo[0m[38;5;249ms[0m[38;5;249mi[0m[38;5;249mt[0m[38;5;249mi[0m[38;5;249mv[0m[38;5;249me[0m[38;5;249m [0m[38;5;249mb[0m[38;5;249mi[0m[38;5;249mg[0m[38;5;249mi[0m[38;5;249mn[0m[38;5;249mt[0m[38;5;249m"[0m[38;5;249m [0m[38;5;249m:[0m[38;5;249m [0m[38;5;249m`[0m[38;5;249ma[0m[38;5;249m [0m[38;5;249mb[0m[38;5;249mi[0m[38;5;249mg[0m[38;5;249mi[0m[38;5;249mn[0m[38;5;249mt[0m[38;5;249m
[90m│[39m  [0m[38;5;249mg[0m[38;5;249mr[0m[38;5;249me[0m[38;5;249ma[0m[38;5;249mt[0m[38;5;249me[0m[38;5;249mr[0m[38;5;249m [0m[38;5;249mt[0m[38;5;249mh[0m[38;5;249ma[0m[38;5;249mn[0m[38;5;249m [0m[38;5;249m$[0m[38;5;249m{[0m[38;5;249mm[0m[38;5;249mi[0m[38;5;249mn[0m[38;5;249m}[0m[38;5;249mn[0m[38;5;249m`[0m[38;5;249m,[0m
[90m│[39m  [38;5;240m│[0m                        ─┬
[90m│[39m  [38;5;240m│[0m                         ╰──
[90m│[39m  [38;5;246m──────╯[0m
[90m│[39m  [39m
[90m│[39m
[33m▲[39m  [43mVite[49m [33m[33m[TOLERATED_TRANSFORM] [0mBig integer literals are not available in
[90m│[39m  the configured target environment.
[90m│[39m  [38;5;246m╭[0m[38;5;246m─[0m[38;5;246m[[0m node_modules/effect/dist/esm/Schema.js:2827:24 [38;5;246m][0m
[90m│[39m  [38;5;246m│[0m
[90m│[39m  [38;5;246m2827 │[0m [38;5;249m [0m[38;5;249m [0m[38;5;249md[0m[38;5;249me[0m[38;5;249ms[0m[38;5;249mc[0m[38;5;249mr[0m[38;5;249mi[0m[38;5;249mp[0m[38;5;249mt[0m[38;5;249mi[0m[38;5;249mo[0m[38;5;249mn[0m[38;5;249m:[0m[38;5;249m [0m[38;5;249mm[0m[38;5;249mi[0m[38;5;249mn[0m[38;5;249m [0m[38;5;249m=[0m[38;5;249m=[0m[38;5;249m=[0m[38;5;249m [0m0n[38;5;249m [0m[38;5;249m?[0m[38;5;249m [0m[38;5;249m"[0m[38;5;249ma[0m[38;5;249m [0m[38;5;249mn[0m[38;5;249mo[0m[38;5;249mn[0m[38;5;249m-[0m[38;5;249mn[0m[38;5;249me[0m[38;5;249mg[0m[38;5;249ma[0m[38;5;249mt[0m[38;5;249mi[0m[38;5;249mv[0m[38;5;249me[0m[38;5;249m [0m[38;5;249mb[0m[38;5;249mi[0m[38;5;249mg[0m[38;5;249mi[0m[38;5;249mn[0m[38;5;249mt[0m[38;5;249m"[0m[38;5;249m [0m[38;5;249m:[0m[38;5;249m [0m[38;5;249m`[0m[38;5;249ma[0m[38;5;249m [0m[38;5;249mb[0m[38;5;249mi[0m[38;5;249mg[0m[38;5;249mi[0m[38;5;249mn[0m[38;5;249mt[0m[38;5;249m
[90m│[39m  [0m[38;5;249mg[0m[38;5;249mr[0m[38;5;249me[0m[38;5;249ma[0m[38;5;249mt[0m[38;5;249me[0m[38;5;249mr[0m[38;5;249m [0m[38;5;249mt[0m[38;5;249mh[0m[38;5;249ma[0m[38;5;249mn[0m[38;5;249m [0m[38;5;249mo[0m[38;5;249mr[0m[38;5;249m [0m[38;5;249me[0m[38;5;249mq[0m[38;5;249mu[0m[38;5;249ma[0m[38;5;249ml[0m[38;5;249m [0m[38;5;249mt[0m[38;5;249mo[0m[38;5;249m [0m[38;5;249m$[0m[38;5;249m{[0m[38;5;249mm[0m[38;5;249mi[0m[38;5;249mn[0m[38;5;249m}[0m[38;5;249mn[0m[38;5;249m`[0m[38;5;249m,[0m
[90m│[39m  [38;5;240m│[0m                        ─┬
[90m│[39m  [38;5;240m│[0m                         ╰──
[90m│[39m  [38;5;246m──────╯[0m
[90m│[39m  [39m
[90m│[39m
[33m▲[39m  [43mVite[49m [33m[33m[TOLERATED_TRANSFORM] [0mBig integer literals are not available in
[90m│[39m  the configured target environment.
[90m│[39m  [38;5;246m╭[0m[38;5;246m─[0m[38;5;246m[[0m node_modules/effect/dist/esm/Schema.js:2845:24 [38;5;246m][0m
[90m│[39m  [38;5;246m│[0m
[90m│[39m  [38;5;246m2845 │[0m [38;5;249m [0m[38;5;249m [0m[38;5;249md[0m[38;5;249me[0m[38;5;249ms[0m[38;5;249mc[0m[38;5;249mr[0m[38;5;249mi[0m[38;5;249mp[0m[38;5;249mt[0m[38;5;249mi[0m[38;5;249mo[0m[38;5;249mn[0m[38;5;249m:[0m[38;5;249m [0m[38;5;249mm[0m[38;5;249ma[0m[38;5;249mx[0m[38;5;249m [0m[38;5;249m=[0m[38;5;249m=[0m[38;5;249m=[0m[38;5;249m [0m0n[38;5;249m [0m[38;5;249m?[0m[38;5;249m [0m[38;5;249m"[0m[38;5;249ma[0m[38;5;249m [0m[38;5;249mn[0m[38;5;249me[0m[38;5;249mg[0m[38;5;249ma[0m[38;5;249mt[0m[38;5;249mi[0m[38;5;249mv[0m[38;5;249me[0m[38;5;249m [0m[38;5;249mb[0m[38;5;249mi[0m[38;5;249mg[0m[38;5;249mi[0m[38;5;249mn[0m[38;5;249mt[0m[38;5;249m"[0m[38;5;249m [0m[38;5;249m:[0m[38;5;249m [0m[38;5;249m`[0m[38;5;249ma[0m[38;5;249m [0m[38;5;249mb[0m[38;5;249mi[0m[38;5;249mg[0m[38;5;249mi[0m[38;5;249mn[0m[38;5;249mt[0m[38;5;249m
[90m│[39m  [0m[38;5;249ml[0m[38;5;249me[0m[38;5;249ms[0m[38;5;249ms[0m[38;5;249m [0m[38;5;249mt[0m[38;5;249mh[0m[38;5;249ma[0m[38;5;249mn[0m[38;5;249m [0m[38;5;249m$[0m[38;5;249m{[0m[38;5;249mm[0m[38;5;249ma[0m[38;5;249mx[0m[38;5;249m}[0m[38;5;249mn[0m[38;5;249m`[0m[38;5;249m,[0m
[90m│[39m  [38;5;240m│[0m                        ─┬
[90m│[39m  [38;5;240m│[0m                         ╰──
[90m│[39m  [38;5;246m──────╯[0m
[90m│[39m  [39m
[90m│[39m
[33m▲[39m  [43mVite[49m [33m[33m[TOLERATED_TRANSFORM] [0mBig integer literals are not available in
[90m│[39m  the configured target environment.
[90m│[39m  [38;5;246m╭[0m[38;5;246m─[0m[38;5;246m[[0m node_modules/effect/dist/esm/Schema.js:2863:24 [38;5;246m][0m
[90m│[39m  [38;5;246m│[0m
[90m│[39m  [38;5;246m2863 │[0m [38;5;249m [0m[38;5;249m [0m[38;5;249md[0m[38;5;249me[0m[38;5;249ms[0m[38;5;249mc[0m[38;5;249mr[0m[38;5;249mi[0m[38;5;249mp[0m[38;5;249mt[0m[38;5;249mi[0m[38;5;249mo[0m[38;5;249mn[0m[38;5;249m:[0m[38;5;249m [0m[38;5;249mm[0m[38;5;249ma[0m[38;5;249mx[0m[38;5;249m [0m[38;5;249m=[0m[38;5;249m=[0m[38;5;249m=[0m[38;5;249m [0m0n[38;5;249m [0m[38;5;249m?[0m[38;5;249m [0m[38;5;249m"[0m[38;5;249ma[0m[38;5;249m [0m[38;5;249mn[0m[38;5;249mo[0m[38;5;249mn[0m[38;5;249m-[0m[38;5;249mp[0m[38;5;249mo[0m[38;5;249ms[0m[38;5;249mi[0m[38;5;249mt[0m[38;5;249mi[0m[38;5;249mv[0m[38;5;249me[0m[38;5;249m [0m[38;5;249mb[0m[38;5;249mi[0m[38;5;249mg[0m[38;5;249mi[0m[38;5;249mn[0m[38;5;249mt[0m[38;5;249m"[0m[38;5;249m [0m[38;5;249m:[0m[38;5;249m [0m[38;5;249m`[0m[38;5;249ma[0m[38;5;249m [0m[38;5;249mb[0m[38;5;249mi[0m[38;5;249mg[0m[38;5;249mi[0m[38;5;249mn[0m[38;5;249mt[0m[38;5;249m
[90m│[39m  [0m[38;5;249ml[0m[38;5;249me[0m[38;5;249ms[0m[38;5;249ms[0m[38;5;249m [0m[38;5;249mt[0m[38;5;249mh[0m[38;5;249ma[0m[38;5;249mn[0m[38;5;249m [0m[38;5;249mo[0m[38;5;249mr[0m[38;5;249m [0m[38;5;249me[0m[38;5;249mq[0m[38;5;249mu[0m[38;5;249ma[0m[38;5;249ml[0m[38;5;249m [0m[38;5;249mt[0m[38;5;249mo[0m[38;5;249m [0m[38;5;249m$[0m[38;5;249m{[0m[38;5;249mm[0m[38;5;249ma[0m[38;5;249mx[0m[38;5;249m}[0m[38;5;249mn[0m[38;5;249m`[0m[38;5;249m,[0m
[90m│[39m  [38;5;240m│[0m                        ─┬
[90m│[39m  [38;5;240m│[0m                         ╰──
[90m│[39m  [38;5;246m──────╯[0m
[90m│[39m  [39m
[90m│[39m
[33m▲[39m  [43mVite[49m [33m[33m[TOLERATED_TRANSFORM] [0mBig integer literals are not available in
[90m│[39m  the configured target environment.
[90m│[39m  [38;5;246m╭[0m[38;5;246m─[0m[38;5;246m[[0m node_modules/effect/dist/esm/Schema.js:2889:64 [38;5;246m][0m
[90m│[39m  [38;5;246m│[0m
[90m│[39m  [38;5;246m2889 │[0m [38;5;249me[0m[38;5;249mx[0m[38;5;249mp[0m[38;5;249mo[0m[38;5;249mr[0m[38;5;249mt[0m[38;5;249m [0m[38;5;249mc[0m[38;5;249mo[0m[38;5;249mn[0m[38;5;249ms[0m[38;5;249mt[0m[38;5;249m [0m[38;5;249mp[0m[38;5;249mo[0m[38;5;249ms[0m[38;5;249mi[0m[38;5;249mt[0m[38;5;249mi[0m[38;5;249mv[0m[38;5;249me[0m[38;5;249mB[0m[38;5;249mi[0m[38;5;249mg[0m[38;5;249mI[0m[38;5;249mn[0m[38;5;249mt[0m[38;5;249m [0m[38;5;249m=[0m[38;5;249m [0m[38;5;249ma[0m[38;5;249mn[0m[38;5;249mn[0m[38;5;249mo[0m[38;5;249mt[0m[38;5;249ma[0m[38;5;249mt[0m[38;5;249mi[0m[38;5;249mo[0m[38;5;249mn[0m[38;5;249ms[0m[38;5;249m [0m[38;5;249m=[0m[38;5;249m>[0m[38;5;249m
[90m│[39m  [0m[38;5;249mg[0m[38;5;249mr[0m[38;5;249me[0m[38;5;249ma[0m[38;5;249mt[0m[38;5;249me[0m[38;5;249mr[0m[38;5;249mT[0m[38;5;249mh[0m[38;5;249ma[0m[38;5;249mn[0m[38;5;249mB[0m[38;5;249mi[0m[38;5;249mg[0m[38;5;249mI[0m[38;5;249mn[0m[38;5;249mt[0m[38;5;249m([0m0n[38;5;249m,[0m[38;5;249m [0m[38;5;249m{[0m
[90m│[39m  [38;5;240m│[0m                                                                ─┬
[90m│[39m  [38;5;240m│[0m                                                                 ╰──
[90m│[39m  [38;5;246m──────╯[0m
[90m│[39m  [39m
[90m│[39m
[33m▲[39m  [43mVite[49m [33m[33m[TOLERATED_TRANSFORM] [0mBig integer literals are not available in
[90m│[39m  the configured target environment.
[90m│[39m  [38;5;246m╭[0m[38;5;246m─[0m[38;5;246m[[0m node_modules/effect/dist/esm/Schema.js:2897:61 [38;5;246m][0m
[90m│[39m  [38;5;246m│[0m
[90m│[39m  [38;5;246m2897 │[0m [38;5;249me[0m[38;5;249mx[0m[38;5;249mp[0m[38;5;249mo[0m[38;5;249mr[0m[38;5;249mt[0m[38;5;249m [0m[38;5;249mc[0m[38;5;249mo[0m[38;5;249mn[0m[38;5;249ms[0m[38;5;249mt[0m[38;5;249m [0m[38;5;249mn[0m[38;5;249me[0m[38;5;249mg[0m[38;5;249ma[0m[38;5;249mt[0m[38;5;249mi[0m[38;5;249mv[0m[38;5;249me[0m[38;5;249mB[0m[38;5;249mi[0m[38;5;249mg[0m[38;5;249mI[0m[38;5;249mn[0m[38;5;249mt[0m[38;5;249m [0m[38;5;249m=[0m[38;5;249m [0m[38;5;249ma[0m[38;5;249mn[0m[38;5;249mn[0m[38;5;249mo[0m[38;5;249mt[0m[38;5;249ma[0m[38;5;249mt[0m[38;5;249mi[0m[38;5;249mo[0m[38;5;249mn[0m[38;5;249ms[0m[38;5;249m [0m[38;5;249m=[0m[38;5;249m>[0m[38;5;249m [0m[38;5;249ml[0m[38;5;249me[0m[38;5;249ms[0m[38;5;249ms[0m[38;5;249mT[0m[38;5;249mh[0m[38;5;249ma[0m[38;5;249mn[0m[38;5;249mB[0m[38;5;249mi[0m[38;5;249mg[0m[38;5;249mI[0m[38;5;249mn[0m[38;5;249mt[0m[38;5;249m([0m0n[38;5;249m,[0m[38;5;249m
[90m│[39m  [0m[38;5;249m{[0m
[90m│[39m  [38;5;240m│[0m                                                             ─┬
[90m│[39m  [38;5;240m│[0m                                                              ╰──
[90m│[39m  [38;5;246m──────╯[0m
[90m│[39m  [39m
[90m│[39m
[33m▲[39m  [43mVite[49m [33m[33m[TOLERATED_TRANSFORM] [0mBig integer literals are not available in
[90m│[39m  the configured target environment.
[90m│[39m  [38;5;246m╭[0m[38;5;246m─[0m[38;5;246m[[0m node_modules/effect/dist/esm/Schema.js:2905:76 [38;5;246m][0m
[90m│[39m  [38;5;246m│[0m
[90m│[39m  [38;5;246m2905 │[0m [38;5;249me[0m[38;5;249mx[0m[38;5;249mp[0m[38;5;249mo[0m[38;5;249mr[0m[38;5;249mt[0m[38;5;249m [0m[38;5;249mc[0m[38;5;249mo[0m[38;5;249mn[0m[38;5;249ms[0m[38;5;249mt[0m[38;5;249m [0m[38;5;249mn[0m[38;5;249mo[0m[38;5;249mn[0m[38;5;249mN[0m[38;5;249me[0m[38;5;249mg[0m[38;5;249ma[0m[38;5;249mt[0m[38;5;249mi[0m[38;5;249mv[0m[38;5;249me[0m[38;5;249mB[0m[38;5;249mi[0m[38;5;249mg[0m[38;5;249mI[0m[38;5;249mn[0m[38;5;249mt[0m[38;5;249m [0m[38;5;249m=[0m[38;5;249m [0m[38;5;249ma[0m[38;5;249mn[0m[38;5;249mn[0m[38;5;249mo[0m[38;5;249mt[0m[38;5;249ma[0m[38;5;249mt[0m[38;5;249mi[0m[38;5;249mo[0m[38;5;249mn[0m[38;5;249ms[0m[38;5;249m [0m[38;5;249m=[0m[38;5;249m>[0m[38;5;249m
[90m│[39m  [0m[38;5;249mg[0m[38;5;249mr[0m[38;5;249me[0m[38;5;249ma[0m[38;5;249mt[0m[38;5;249me[0m[38;5;249mr[0m[38;5;249mT[0m[38;5;249mh[0m[38;5;249ma[0m[38;5;249mn[0m[38;5;249mO[0m[38;5;249mr[0m[38;5;249mE[0m[38;5;249mq[0m[38;5;249mu[0m[38;5;249ma[0m[38;5;249ml[0m[38;5;249mT[0m[38;5;249mo[0m[38;5;249mB[0m[38;5;249mi[0m[38;5;249mg[0m[38;5;249mI[0m[38;5;249mn[0m[38;5;249mt[0m[38;5;249m([0m0n[38;5;249m,[0m[38;5;249m [0m[38;5;249m{[0m
[90m│[39m  [38;5;240m│[0m
[90m│[39m  ─┬
[90m│[39m  [38;5;240m│[0m
[90m│[39m  ╰──
[90m│[39m  [38;5;246m──────╯[0m
[90m│[39m  [39m
[90m│[39m
[33m▲[39m  [43mVite[49m [33m[33m[TOLERATED_TRANSFORM] [0mBig integer literals are not available in
[90m│[39m  the configured target environment.
[90m│[39m  [38;5;246m╭[0m[38;5;246m─[0m[38;5;246m[[0m node_modules/effect/dist/esm/Schema.js:2913:73 [38;5;246m][0m
[90m│[39m  [38;5;246m│[0m
[90m│[39m  [38;5;246m2913 │[0m [38;5;249me[0m[38;5;249mx[0m[38;5;249mp[0m[38;5;249mo[0m[38;5;249mr[0m[38;5;249mt[0m[38;5;249m [0m[38;5;249mc[0m[38;5;249mo[0m[38;5;249mn[0m[38;5;249ms[0m[38;5;249mt[0m[38;5;249m [0m[38;5;249mn[0m[38;5;249mo[0m[38;5;249mn[0m[38;5;249mP[0m[38;5;249mo[0m[38;5;249ms[0m[38;5;249mi[0m[38;5;249mt[0m[38;5;249mi[0m[38;5;249mv[0m[38;5;249me[0m[38;5;249mB[0m[38;5;249mi[0m[38;5;249mg[0m[38;5;249mI[0m[38;5;249mn[0m[38;5;249mt[0m[38;5;249m [0m[38;5;249m=[0m[38;5;249m [0m[38;5;249ma[0m[38;5;249mn[0m[38;5;249mn[0m[38;5;249mo[0m[38;5;249mt[0m[38;5;249ma[0m[38;5;249mt[0m[38;5;249mi[0m[38;5;249mo[0m[38;5;249mn[0m[38;5;249ms[0m[38;5;249m [0m[38;5;249m=[0m[38;5;249m>[0m[38;5;249m
[90m│[39m  [0m[38;5;249ml[0m[38;5;249me[0m[38;5;249ms[0m[38;5;249ms[0m[38;5;249mT[0m[38;5;249mh[0m[38;5;249ma[0m[38;5;249mn[0m[38;5;249mO[0m[38;5;249mr[0m[38;5;249mE[0m[38;5;249mq[0m[38;5;249mu[0m[38;5;249ma[0m[38;5;249ml[0m[38;5;249mT[0m[38;5;249mo[0m[38;5;249mB[0m[38;5;249mi[0m[38;5;249mg[0m[38;5;249mI[0m[38;5;249mn[0m[38;5;249mt[0m[38;5;249m([0m0n[38;5;249m,[0m[38;5;249m [0m[38;5;249m{[0m
[90m│[39m  [38;5;240m│[0m
[90m│[39m  ─┬
[90m│[39m  [38;5;240m│[0m
[90m│[39m  ╰──
[90m│[39m  [38;5;246m──────╯[0m
[90m│[39m  [39m
[90m│[39m
[33m▲[39m  [43mVite[49m [33m[33m[TOLERATED_TRANSFORM] [0mBig integer literals are not available in
[90m│[39m  the configured target environment.
[90m│[39m  [38;5;246m╭[0m[38;5;246m─[0m[38;5;246m[[0m node_modules/effect/dist/esm/Schema.js:3071:10 [38;5;246m][0m
[90m│[39m  [38;5;246m│[0m
[90m│[39m  [38;5;246m3071 │[0m [38;5;249m [0m[38;5;249m [0m[38;5;249m [0m[38;5;249m [0m[38;5;249mm[0m[38;5;249mi[0m[38;5;249mn[0m[38;5;249m:[0m[38;5;249m [0m0n
[90m│[39m  [38;5;240m│[0m          ─┬
[90m│[39m  [38;5;240m│[0m           ╰──
[90m│[39m  [38;5;246m──────╯[0m
[90m│[39m  [39m
[90m│[39m
[33m▲[39m  [43mVite[49m [33m[33m[TOLERATED_TRANSFORM] [0mBig integer literals are not available in
[90m│[39m  the configured target environment.
[90m│[39m  [38;5;246m╭[0m[38;5;246m─[0m[38;5;246m[[0m node_modules/effect/dist/esm/Schema.js:4550:94 [38;5;246m][0m
[90m│[39m  [38;5;246m│[0m
[90m│[39m  [38;5;246m4550 │[0m [38;5;249me[0m[38;5;249mx[0m[38;5;249mp[0m[38;5;249mo[0m[38;5;249mr[0m[38;5;249mt[0m[38;5;249m [0m[38;5;249mc[0m[38;5;249mo[0m[38;5;249mn[0m[38;5;249ms[0m[38;5;249mt[0m[38;5;249m [0m[38;5;249mn[0m[38;5;249mo[0m[38;5;249mn[0m[38;5;249mN[0m[38;5;249me[0m[38;5;249mg[0m[38;5;249ma[0m[38;5;249mt[0m[38;5;249mi[0m[38;5;249mv[0m[38;5;249me[0m[38;5;249mB[0m[38;5;249mi[0m[38;5;249mg[0m[38;5;249mD[0m[38;5;249me[0m[38;5;249mc[0m[38;5;249mi[0m[38;5;249mm[0m[38;5;249ma[0m[38;5;249ml[0m[38;5;249m [0m[38;5;249m=[0m[38;5;249m [0m[38;5;249ma[0m[38;5;249mn[0m[38;5;249mn[0m[38;5;249mo[0m[38;5;249mt[0m[38;5;249ma[0m[38;5;249mt[0m[38;5;249mi[0m[38;5;249mo[0m[38;5;249mn[0m[38;5;249ms[0m[38;5;249m [0m[38;5;249m=[0m[38;5;249m>[0m[38;5;249m [0m[38;5;249ms[0m[38;5;249me[0m[38;5;249ml[0m[38;5;249mf[0m[38;5;249m [0m[38;5;249m=[0m[38;5;249m>[0m[38;5;249m
[90m│[39m  [0m[38;5;249ms[0m[38;5;249me[0m[38;5;249ml[0m[38;5;249mf[0m[38;5;249m.[0m[38;5;249mp[0m[38;5;249mi[0m[38;5;249mp[0m[38;5;249me[0m[38;5;249m([0m[38;5;249mf[0m[38;5;249mi[0m[38;5;249ml[0m[38;5;249mt[0m[38;5;249me[0m[38;5;249mr[0m[38;5;249m([0m[38;5;249ma[0m[38;5;249m [0m[38;5;249m=[0m[38;5;249m>[0m[38;5;249m [0m[38;5;249ma[0m[38;5;249m.[0m[38;5;249mv[0m[38;5;249ma[0m[38;5;249ml[0m[38;5;249mu[0m[38;5;249me[0m[38;5;249m [0m[38;5;249m>[0m[38;5;249m=[0m[38;5;249m [0m0n[38;5;249m,[0m[38;5;249m [0m[38;5;249m{[0m
[90m│[39m  [38;5;240m│[0m
[90m│[39m  ─┬
[90m│[39m  [38;5;240m│[0m
[90m│[39m  ╰──
[90m│[39m  [38;5;246m──────╯[0m
[90m│[39m  [39m
[90m│[39m
[33m▲[39m  [43mVite[49m [33m[33m[TOLERATED_TRANSFORM] [0mBig integer literals are not available in
[90m│[39m  the configured target environment.
[90m│[39m  [38;5;246m╭[0m[38;5;246m─[0m[38;5;246m[[0m node_modules/effect/dist/esm/Schema.js:4594:94 [38;5;246m][0m
[90m│[39m  [38;5;246m│[0m
[90m│[39m  [38;5;246m4594 │[0m [38;5;249me[0m[38;5;249mx[0m[38;5;249mp[0m[38;5;249mo[0m[38;5;249mr[0m[38;5;249mt[0m[38;5;249m [0m[38;5;249mc[0m[38;5;249mo[0m[38;5;249mn[0m[38;5;249ms[0m[38;5;249mt[0m[38;5;249m [0m[38;5;249mn[0m[38;5;249mo[0m[38;5;249mn[0m[38;5;249mP[0m[38;5;249mo[0m[38;5;249ms[0m[38;5;249mi[0m[38;5;249mt[0m[38;5;249mi[0m[38;5;249mv[0m[38;5;249me[0m[38;5;249mB[0m[38;5;249mi[0m[38;5;249mg[0m[38;5;249mD[0m[38;5;249me[0m[38;5;249mc[0m[38;5;249mi[0m[38;5;249mm[0m[38;5;249ma[0m[38;5;249ml[0m[38;5;249m [0m[38;5;249m=[0m[38;5;249m [0m[38;5;249ma[0m[38;5;249mn[0m[38;5;249mn[0m[38;5;249mo[0m[38;5;249mt[0m[38;5;249ma[0m[38;5;249mt[0m[38;5;249mi[0m[38;5;249mo[0m[38;5;249mn[0m[38;5;249ms[0m[38;5;249m [0m[38;5;249m=[0m[38;5;249m>[0m[38;5;249m [0m[38;5;249ms[0m[38;5;249me[0m[38;5;249ml[0m[38;5;249mf[0m[38;5;249m [0m[38;5;249m=[0m[38;5;249m>[0m[38;5;249m
[90m│[39m  [0m[38;5;249ms[0m[38;5;249me[0m[38;5;249ml[0m[38;5;249mf[0m[38;5;249m.[0m[38;5;249mp[0m[38;5;249mi[0m[38;5;249mp[0m[38;5;249me[0m[38;5;249m([0m[38;5;249mf[0m[38;5;249mi[0m[38;5;249ml[0m[38;5;249mt[0m[38;5;249me[0m[38;5;249mr[0m[38;5;249m([0m[38;5;249ma[0m[38;5;249m [0m[38;5;249m=[0m[38;5;249m>[0m[38;5;249m [0m[38;5;249ma[0m[38;5;249m.[0m[38;5;249mv[0m[38;5;249ma[0m[38;5;249ml[0m[38;5;249mu[0m[38;5;249me[0m[38;5;249m [0m[38;5;249m<[0m[38;5;249m=[0m[38;5;249m [0m0n[38;5;249m,[0m[38;5;249m [0m[38;5;249m{[0m
[90m│[39m  [38;5;240m│[0m
[90m│[39m  ─┬
[90m│[39m  [38;5;240m│[0m
[90m│[39m  ╰──
[90m│[39m  [38;5;246m──────╯[0m
[90m│[39m  [39m
[90m│[39m
[33m▲[39m  [43mVite[49m [33m[33m[TOLERATED_TRANSFORM] [0mBig integer literals are not available in
[90m│[39m  the configured target environment.
[90m│[39m  [38;5;246m╭[0m[38;5;246m─[0m[38;5;246m[[0m node_modules/@formatjs/bigdecimal/index.js:4:19 [38;5;246m][0m
[90m│[39m  [38;5;246m│[0m
[90m│[39m  [38;5;246m4 │[0m [38;5;249m [0m[38;5;249m [0m[38;5;249m [0m[38;5;249m [0m[38;5;249mi[0m[38;5;249mf[0m[38;5;249m [0m[38;5;249m([0m[38;5;249mm[0m[38;5;249ma[0m[38;5;249mn[0m[38;5;249mt[0m[38;5;249mi[0m[38;5;249ms[0m[38;5;249ms[0m[38;5;249ma[0m[38;5;249m [0m[38;5;249m=[0m[38;5;249m=[0m[38;5;249m=[0m[38;5;249m [0m0n[38;5;249m)[0m[38;5;249m [0m[38;5;249mr[0m[38;5;249me[0m[38;5;249mt[0m[38;5;249mu[0m[38;5;249mr[0m[38;5;249mn[0m[38;5;249m [0m[38;5;249m[[0m[38;5;249m0[0m[38;5;249mn[0m[38;5;249m,[0m[38;5;249m [0m[38;5;249m0[0m[38;5;249m][0m[38;5;249m;[0m
[90m│[39m  [38;5;240m│[0m                      ─┬
[90m│[39m  [38;5;240m│[0m                       ╰──
[90m│[39m  [38;5;246m───╯[0m
[90m│[39m  [39m
[90m│[39m
[33m▲[39m  [43mVite[49m [33m[33m[TOLERATED_TRANSFORM] [0mBig integer literals are not available in
[90m│[39m  the configured target environment.
[90m│[39m  [38;5;246m╭[0m[38;5;246m─[0m[38;5;246m[[0m node_modules/@formatjs/bigdecimal/index.js:4:31 [38;5;246m][0m
[90m│[39m  [38;5;246m│[0m
[90m│[39m  [38;5;246m4 │[0m [38;5;249m [0m[38;5;249m [0m[38;5;249m [0m[38;5;249m [0m[38;5;249mi[0m[38;5;249mf[0m[38;5;249m [0m[38;5;249m([0m[38;5;249mm[0m[38;5;249ma[0m[38;5;249mn[0m[38;5;249mt[0m[38;5;249mi[0m[38;5;249ms[0m[38;5;249ms[0m[38;5;249ma[0m[38;5;249m [0m[38;5;249m=[0m[38;5;249m=[0m[38;5;249m=[0m[38;5;249m [0m[38;5;249m0[0m[38;5;249mn[0m[38;5;249m)[0m[38;5;249m [0m[38;5;249mr[0m[38;5;249me[0m[38;5;249mt[0m[38;5;249mu[0m[38;5;249mr[0m[38;5;249mn[0m[38;5;249m [0m[38;5;249m[[0m0n[38;5;249m,[0m[38;5;249m [0m[38;5;249m0[0m[38;5;249m][0m[38;5;249m;[0m
[90m│[39m  [38;5;240m│[0m                                  ─┬
[90m│[39m  [38;5;240m│[0m                                   ╰──
[90m│[39m  [38;5;246m───╯[0m
[90m│[39m  [39m
[90m│[39m
[33m▲[39m  [43mVite[49m [33m[33m[TOLERATED_TRANSFORM] [0mBig integer literals are not available in
[90m│[39m  the configured target environment.
[90m│[39m  [38;5;246m╭[0m[38;5;246m─[0m[38;5;246m[[0m node_modules/@formatjs/bigdecimal/index.js:5:20 [38;5;246m][0m
[90m│[39m  [38;5;246m│[0m
[90m│[39m  [38;5;246m5 │[0m [38;5;249m [0m[38;5;249m [0m[38;5;249m [0m[38;5;249m [0m[38;5;249mw[0m[38;5;249mh[0m[38;5;249mi[0m[38;5;249ml[0m[38;5;249me[0m[38;5;249m [0m[38;5;249m([0m[38;5;249mm[0m[38;5;249ma[0m[38;5;249mn[0m[38;5;249mt[0m[38;5;249mi[0m[38;5;249ms[0m[38;5;249ms[0m[38;5;249ma[0m[38;5;249m [0m[38;5;249m%[0m[38;5;249m [0m10n[38;5;249m [0m[38;5;249m=[0m[38;5;249m=[0m[38;5;249m=[0m[38;5;249m [0m[38;5;249m0[0m[38;5;249mn[0m[38;5;249m)[0m[38;5;249m [0m[38;5;249m{[0m
[90m│[39m  [38;5;240m│[0m                       ─┬─
[90m│[39m  [38;5;240m│[0m                        ╰───
[90m│[39m  [38;5;246m───╯[0m
[90m│[39m  [39m
[90m│[39m
[33m▲[39m  [43mVite[49m [33m[33m[TOLERATED_TRANSFORM] [0mBig integer literals are not available in
[90m│[39m  the configured target environment.
[90m│[39m  [38;5;246m╭[0m[38;5;246m─[0m[38;5;246m[[0m node_modules/@formatjs/bigdecimal/index.js:5:28 [38;5;246m][0m
[90m│[39m  [38;5;246m│[0m
[90m│[39m  [38;5;246m5 │[0m [38;5;249m [0m[38;5;249m [0m[38;5;249m [0m[38;5;249m [0m[38;5;249mw[0m[38;5;249mh[0m[38;5;249mi[0m[38;5;249ml[0m[38;5;249me[0m[38;5;249m [0m[38;5;249m([0m[38;5;249mm[0m[38;5;249ma[0m[38;5;249mn[0m[38;5;249mt[0m[38;5;249mi[0m[38;5;249ms[0m[38;5;249ms[0m[38;5;249ma[0m[38;5;249m [0m[38;5;249m%[0m[38;5;249m [0m[38;5;249m1[0m[38;5;249m0[0m[38;5;249mn[0m[38;5;249m [0m[38;5;249m=[0m[38;5;249m=[0m[38;5;249m=[0m[38;5;249m [0m0n[38;5;249m)[0m[38;5;249m [0m[38;5;249m{[0m
[90m│[39m  [38;5;240m│[0m                               ─┬
[90m│[39m  [38;5;240m│[0m                                ╰──
[90m│[39m  [38;5;246m───╯[0m
[90m│[39m  [39m
[90m│[39m
[33m▲[39m  [43mVite[49m [33m[33m[TOLERATED_TRANSFORM] [0mBig integer literals are not available in
[90m│[39m  the configured target environment.
[90m│[39m  [38;5;246m╭[0m[38;5;246m─[0m[38;5;246m[[0m node_modules/@formatjs/bigdecimal/index.js:6:15 [38;5;246m][0m
[90m│[39m  [38;5;246m│[0m
[90m│[39m  [38;5;246m6 │[0m [38;5;249m [0m[38;5;249m [0m[38;5;249m [0m[38;5;249m [0m[38;5;249m [0m[38;5;249m [0m[38;5;249m [0m[38;5;249mm[0m[38;5;249ma[0m[38;5;249mn[0m[38;5;249mt[0m[38;5;249mi[0m[38;5;249ms[0m[38;5;249ms[0m[38;5;249ma[0m[38;5;249m [0m[38;5;249m/[0m[38;5;249m=[0m[38;5;249m [0m10n[38;5;249m;[0m
[90m│[39m  [38;5;240m│[0m                    ─┬─
[90m│[39m  [38;5;240m│[0m                     ╰───
[90m│[39m  [38;5;246m───╯[0m
[90m│[39m  [39m
[90m│[39m
[33m▲[39m  [43mVite[49m [33m[33m[TOLERATED_TRANSFORM] [0mBig integer literals are not available in
[90m│[39m  the configured target environment.
[90m│[39m  [38;5;246m╭[0m[38;5;246m─[0m[38;5;246m[[0m node_modules/@formatjs/bigdecimal/index.js:12:13 [38;5;246m][0m
[90m│[39m  [38;5;246m│[0m
[90m│[39m  [38;5;246m12 │[0m [38;5;249m [0m[38;5;249m [0m[38;5;249m [0m[38;5;249m [0m[38;5;249mr[0m[38;5;249me[0m[38;5;249mt[0m[38;5;249mu[0m[38;5;249mr[0m[38;5;249mn[0m[38;5;249m [0m[38;5;249mn[0m[38;5;249m [0m[38;5;249m<[0m[38;5;249m [0m0n[38;5;249m [0m[38;5;249m?[0m[38;5;249m [0m[38;5;249m-[0m[38;5;249mn[0m[38;5;249m [0m[38;5;249m:[0m[38;5;249m [0m[38;5;249mn[0m[38;5;249m;[0m
[90m│[39m  [38;5;240m│[0m                ─┬
[90m│[39m  [38;5;240m│[0m                 ╰──
[90m│[39m  [38;5;246m────╯[0m
[90m│[39m  [39m
[90m│[39m
[33m▲[39m  [43mVite[49m [33m[33m[TOLERATED_TRANSFORM] [0mBig integer literals are not available in
[90m│[39m  the configured target environment.
[90m│[39m  [38;5;246m╭[0m[38;5;246m─[0m[38;5;246m[[0m node_modules/@formatjs/bigdecimal/index.js:15:12 [38;5;246m][0m
[90m│[39m  [38;5;246m│[0m
[90m│[39m  [38;5;246m15 │[0m [38;5;249m [0m[38;5;249m [0m[38;5;249m [0m[38;5;249m [0m[38;5;249mi[0m[38;5;249mf[0m[38;5;249m [0m[38;5;249m([0m[38;5;249mn[0m[38;5;249m [0m[38;5;249m=[0m[38;5;249m=[0m[38;5;249m=[0m[38;5;249m [0m0n[38;5;249m)[0m[38;5;249m [0m[38;5;249mr[0m[38;5;249me[0m[38;5;249mt[0m[38;5;249mu[0m[38;5;249mr[0m[38;5;249mn[0m[38;5;249m [0m[38;5;249m1[0m[38;5;249m;[0m
[90m│[39m  [38;5;240m│[0m               ─┬
[90m│[39m  [38;5;240m│[0m                ╰──
[90m│[39m  [38;5;246m────╯[0m
[90m│[39m  [39m
[90m│[39m
[33m▲[39m  [43mVite[49m [33m[33m[TOLERATED_TRANSFORM] [0mBig integer literals are not available in
[90m│[39m  the configured target environment.
[90m│[39m  [38;5;246m╭[0m[38;5;246m─[0m[38;5;246m[[0m node_modules/@formatjs/bigdecimal/index.js:16:10 [38;5;246m][0m
[90m│[39m  [38;5;246m│[0m
[90m│[39m  [38;5;246m16 │[0m [38;5;249m [0m[38;5;249m [0m[38;5;249m [0m[38;5;249m [0m[38;5;249mi[0m[38;5;249mf[0m[38;5;249m [0m[38;5;249m([0m[38;5;249mn[0m[38;5;249m [0m[38;5;249m<[0m[38;5;249m [0m0n[38;5;249m)[0m[38;5;249m [0m[38;5;249mn[0m[38;5;249m [0m[38;5;249m=[0m[38;5;249m [0m[38;5;249m-[0m[38;5;249mn[0m[38;5;249m;[0m
[90m│[39m  [38;5;240m│[0m             ─┬
[90m│[39m  [38;5;240m│[0m              ╰──
[90m│[39m  [38;5;246m────╯[0m
[90m│[39m  [39m
[90m│[39m
[33m▲[39m  [43mVite[49m [33m[33m[TOLERATED_TRANSFORM] [0mBig integer literals are not available in
[90m│[39m  the configured target environment.
[90m│[39m  [38;5;246m╭[0m[38;5;246m─[0m[38;5;246m[[0m node_modules/@formatjs/bigdecimal/index.js:18:16 [38;5;246m][0m
[90m│[39m  [38;5;246m│[0m
[90m│[39m  [38;5;246m18 │[0m [38;5;249m [0m[38;5;249m [0m[38;5;249m [0m[38;5;249m [0m[38;5;249mc[0m[38;5;249mo[0m[38;5;249mn[0m[38;5;249ms[0m[38;5;249mt[0m[38;5;249m [0m[38;5;249mb[0m[38;5;249mi[0m[38;5;249mg[0m[38;5;249m1[0m[38;5;249m5[0m[38;5;249m [0m[38;5;249m=[0m[38;5;249m [0m1000000000000000n[38;5;249m;[0m
[90m│[39m  [38;5;240m│[0m                   ────────┬────────
[90m│[39m  [38;5;240m│[0m                           ╰──────────
[90m│[39m  [38;5;246m────╯[0m
[90m│[39m  [39m
[90m│[39m
[33m▲[39m  [43mVite[49m [33m[33m[TOLERATED_TRANSFORM] [0mBig integer literals are not available in
[90m│[39m  the configured target environment.
[90m│[39m  [38;5;246m╭[0m[38;5;246m─[0m[38;5;246m[[0m node_modules/@formatjs/bigdecimal/index.js:30:20 [38;5;246m][0m
[90m│[39m  [38;5;246m│[0m
[90m│[39m  [38;5;246m30 │[0m [38;5;249mc[0m[38;5;249mo[0m[38;5;249mn[0m[38;5;249ms[0m[38;5;249mt[0m[38;5;249m [0m[38;5;249mT[0m[38;5;249mE[0m[38;5;249mN[0m[38;5;249m_[0m[38;5;249mB[0m[38;5;249mI[0m[38;5;249mG[0m[38;5;249mI[0m[38;5;249mN[0m[38;5;249mT[0m[38;5;249m [0m[38;5;249m=[0m[38;5;249m [0m10n[38;5;249m;[0m
[90m│[39m  [38;5;240m│[0m                    ─┬─
[90m│[39m  [38;5;240m│[0m                     ╰───
[90m│[39m  [38;5;246m────╯[0m
[90m│[39m  [39m
[90m│[39m
[33m▲[39m  [43mVite[49m [33m[33m[TOLERATED_TRANSFORM] [0mBig integer literals are not available in
[90m│[39m  the configured target environment.
[90m│[39m  [38;5;246m╭[0m[38;5;246m─[0m[38;5;246m[[0m node_modules/@formatjs/bigdecimal/index.js:32:21 [38;5;246m][0m
[90m│[39m  [38;5;246m│[0m
[90m│[39m  [38;5;246m32 │[0m [38;5;249m [0m[38;5;249m [0m[38;5;249m [0m[38;5;249m [0m[38;5;249mi[0m[38;5;249mf[0m[38;5;249m [0m[38;5;249m([0m[38;5;249mn[0m[38;5;249m [0m[38;5;249m<[0m[38;5;249m=[0m[38;5;249m [0m[38;5;249m0[0m[38;5;249m)[0m[38;5;249m [0m[38;5;249mr[0m[38;5;249me[0m[38;5;249mt[0m[38;5;249mu[0m[38;5;249mr[0m[38;5;249mn[0m[38;5;249m [0m1n[38;5;249m;[0m
[90m│[39m  [38;5;240m│[0m                        ─┬
[90m│[39m  [38;5;240m│[0m                         ╰──
[90m│[39m  [38;5;246m────╯[0m
[90m│[39m  [39m
[90m│[39m
[33m▲[39m  [43mVite[49m [33m[33m[TOLERATED_TRANSFORM] [0mBig integer literals are not available in
[90m│[39m  the configured target environment.
[90m│[39m  [38;5;246m╭[0m[38;5;246m─[0m[38;5;246m[[0m node_modules/@formatjs/bigdecimal/index.js:33:15 [38;5;246m][0m
[90m│[39m  [38;5;246m│[0m
[90m│[39m  [38;5;246m33 │[0m [38;5;249m [0m[38;5;249m [0m[38;5;249m [0m[38;5;249m [0m[38;5;249ml[0m[38;5;249me[0m[38;5;249mt[0m[38;5;249m [0m[38;5;249mr[0m[38;5;249me[0m[38;5;249ms[0m[38;5;249mu[0m[38;5;249ml[0m[38;5;249mt[0m[38;5;249m [0m[38;5;249m=[0m[38;5;249m [0m1n[38;5;249m;[0m
[90m│[39m  [38;5;240m│[0m                  ─┬
[90m│[39m  [38;5;240m│[0m                   ╰──
[90m│[39m  [38;5;246m────╯[0m
[90m│[39m  [39m
[90m│[39m
[33m▲[39m  [43mVite[49m [33m[33m[TOLERATED_TRANSFORM] [0mBig integer literals are not available in
[90m│[39m  the configured target environment.
[90m│[39m  [38;5;246m╭[0m[38;5;246m─[0m[38;5;246m[[0m node_modules/@formatjs/bigdecimal/index.js:46:13 [38;5;246m][0m
[90m│[39m  [38;5;246m│[0m
[90m│[39m  [38;5;246m46 │[0m [38;5;249m [0m[38;5;249m [0m[38;5;249m [0m[38;5;249m [0m[38;5;249m [0m[38;5;249m [0m[38;5;249m [0m[38;5;249mm[0m[38;5;249ma[0m[38;5;249mn[0m[38;5;249mt[0m[38;5;249mi[0m[38;5;249ms[0m[38;5;249ms[0m[38;5;249ma[0m[38;5;249m:[0m[38;5;249m [0m0n[38;5;249m,[0m
[90m│[39m  [38;5;240m│[0m                  ─┬
[90m│[39m  [38;5;240m│[0m                   ╰──
[90m│[39m  [38;5;246m────╯[0m
[90m│[39m  [39m
[90m│[39m
[33m▲[39m  [43mVite[49m [33m[33m[TOLERATED_TRANSFORM] [0mBig integer literals are not available in
[90m│[39m  the configured target environment.
[90m│[39m  [38;5;246m╭[0m[38;5;246m─[0m[38;5;246m[[0m node_modules/@formatjs/bigdecimal/index.js:52:13 [38;5;246m][0m
[90m│[39m  [38;5;246m│[0m
[90m│[39m  [38;5;246m52 │[0m [38;5;249m [0m[38;5;249m [0m[38;5;249m [0m[38;5;249m [0m[38;5;249m [0m[38;5;249m [0m[38;5;249m [0m[38;5;249mm[0m[38;5;249ma[0m[38;5;249mn[0m[38;5;249mt[0m[38;5;249mi[0m[38;5;249ms[0m[38;5;249ms[0m[38;5;249ma[0m[38;5;249m:[0m[38;5;249m [0m0n[38;5;249m,[0m
[90m│[39m  [38;5;240m│[0m                  ─┬
[90m│[39m  [38;5;240m│[0m                   ╰──
[90m│[39m  [38;5;246m────╯[0m
[90m│[39m  [39m
[90m│[39m
[33m▲[39m  [43mVite[49m [33m[33m[TOLERATED_TRANSFORM] [0mBig integer literals are not available in
[90m│[39m  the configured target environment.
[90m│[39m  [38;5;246m╭[0m[38;5;246m─[0m[38;5;246m[[0m node_modules/@formatjs/bigdecimal/index.js:58:13 [38;5;246m][0m
[90m│[39m  [38;5;246m│[0m
[90m│[39m  [38;5;246m58 │[0m [38;5;249m [0m[38;5;249m [0m[38;5;249m [0m[38;5;249m [0m[38;5;249m [0m[38;5;249m [0m[38;5;249m [0m[38;5;249mm[0m[38;5;249ma[0m[38;5;249mn[0m[38;5;249mt[0m[38;5;249mi[0m[38;5;249ms[0m[38;5;249ms[0m[38;5;249ma[0m[38;5;249m:[0m[38;5;249m [0m0n[38;5;249m,[0m
[90m│[39m  [38;5;240m│[0m                  ─┬
[90m│[39m  [38;5;240m│[0m                   ╰──
[90m│[39m  [38;5;246m────╯[0m
[90m│[39m  [39m
[90m│[39m
[33m▲[39m  [43mVite[49m [33m[33m[TOLERATED_TRANSFORM] [0mBig integer literals are not available in
[90m│[39m  the configured target environment.
[90m│[39m  [38;5;246m╭[0m[38;5;246m─[0m[38;5;246m[[0m node_modules/@formatjs/bigdecimal/index.js:90:13 [38;5;246m][0m
[90m│[39m  [38;5;246m│[0m
[90m│[39m  [38;5;246m90 │[0m [38;5;249m [0m[38;5;249m [0m[38;5;249m [0m[38;5;249m [0m[38;5;249m [0m[38;5;249m [0m[38;5;249m [0m[38;5;249mm[0m[38;5;249ma[0m[38;5;249mn[0m[38;5;249mt[0m[38;5;249mi[0m[38;5;249ms[0m[38;5;249ms[0m[38;5;249ma[0m[38;5;249m:[0m[38;5;249m [0m0n[38;5;249m,[0m
[90m│[39m  [38;5;240m│[0m                  ─┬
[90m│[39m  [38;5;240m│[0m                   ╰──
[90m│[39m  [38;5;246m────╯[0m
[90m│[39m  [39m
[90m│[39m
[33m▲[39m  [43mVite[49m [33m[33m[TOLERATED_TRANSFORM] [0mBig integer literals are not available in
[90m│[39m  the configured target environment.
[90m│[39m  [38;5;246m╭[0m[38;5;246m─[0m[38;5;246m[[0m node_modules/@formatjs/bigdecimal/index.js:117:22 [38;5;246m][0m
[90m│[39m  [38;5;246m│[0m
[90m│[39m  [38;5;246m117 │[0m [38;5;249m [0m[38;5;249m [0m[38;5;249m [0m[38;5;249m [0m[38;5;249m [0m[38;5;249m [0m[38;5;249m [0m[38;5;249m [0m[38;5;249m [0m[38;5;249m [0m[38;5;249mt[0m[38;5;249mh[0m[38;5;249mi[0m[38;5;249ms[0m[38;5;249m.[0m[38;5;249m_[0m[38;5;249mm[0m[38;5;249ma[0m[38;5;249mn[0m[38;5;249mt[0m[38;5;249mi[0m[38;5;249ms[0m[38;5;249ms[0m[38;5;249ma[0m[38;5;249m [0m[38;5;249m=[0m[38;5;249m [0m0n[38;5;249m;[0m
[90m│[39m  [38;5;240m│[0m                            ─┬
[90m│[39m  [38;5;240m│[0m                             ╰──
[90m│[39m  [38;5;246m─────╯[0m
[90m│[39m  [39m
[90m│[39m
[33m▲[39m  [43mVite[49m [33m[33m[TOLERATED_TRANSFORM] [0mBig integer literals are not available in
[90m│[39m  the configured target environment.
[90m│[39m  [38;5;246m╭[0m[38;5;246m─[0m[38;5;246m[[0m node_modules/@formatjs/bigdecimal/index.js:124:22 [38;5;246m][0m
[90m│[39m  [38;5;246m│[0m
[90m│[39m  [38;5;246m124 │[0m [38;5;249m [0m[38;5;249m [0m[38;5;249m [0m[38;5;249m [0m[38;5;249m [0m[38;5;249m [0m[38;5;249m [0m[38;5;249m [0m[38;5;249m [0m[38;5;249m [0m[38;5;249mt[0m[38;5;249mh[0m[38;5;249mi[0m[38;5;249ms[0m[38;5;249m.[0m[38;5;249m_[0m[38;5;249mm[0m[38;5;249ma[0m[38;5;249mn[0m[38;5;249mt[0m[38;5;249mi[0m[38;5;249ms[0m[38;5;249ms[0m[38;5;249ma[0m[38;5;249m [0m[38;5;249m=[0m[38;5;249m [0m0n[38;5;249m;[0m
[90m│[39m  [38;5;240m│[0m                            ─┬
[90m│[39m  [38;5;240m│[0m                             ╰──
[90m│[39m  [38;5;246m─────╯[0m
[90m│[39m  [39m
[90m│[39m
[33m▲[39m  [43mVite[49m [33m[33m[TOLERATED_TRANSFORM] [0mBig integer literals are not available in
[90m│[39m  the configured target environment.
[90m│[39m  [38;5;246m╭[0m[38;5;246m─[0m[38;5;246m[[0m node_modules/@formatjs/bigdecimal/index.js:131:22 [38;5;246m][0m
[90m│[39m  [38;5;246m│[0m
[90m│[39m  [38;5;246m131 │[0m [38;5;249m [0m[38;5;249m [0m[38;5;249m [0m[38;5;249m [0m[38;5;249m [0m[38;5;249m [0m[38;5;249m [0m[38;5;249m [0m[38;5;249m [0m[38;5;249m [0m[38;5;249mt[0m[38;5;249mh[0m[38;5;249mi[0m[38;5;249ms[0m[38;5;249m.[0m[38;5;249m_[0m[38;5;249mm[0m[38;5;249ma[0m[38;5;249mn[0m[38;5;249mt[0m[38;5;249mi[0m[38;5;249ms[0m[38;5;249ms[0m[38;5;249ma[0m[38;5;249m [0m[38;5;249m=[0m[38;5;249m [0m0n[38;5;249m;[0m
[90m│[39m  [38;5;240m│[0m                            ─┬
[90m│[39m  [38;5;240m│[0m                             ╰──
[90m│[39m  [38;5;246m─────╯[0m
[90m│[39m  [39m
[90m│[39m
[33m▲[39m  [43mVite[49m [33m[33m[TOLERATED_TRANSFORM] [0mBig integer literals are not available in
[90m│[39m  the configured target environment.
[90m│[39m  [38;5;246m╭[0m[38;5;246m─[0m[38;5;246m[[0m node_modules/@formatjs/bigdecimal/index.js:138:22 [38;5;246m][0m
[90m│[39m  [38;5;246m│[0m
[90m│[39m  [38;5;246m138 │[0m [38;5;249m [0m[38;5;249m [0m[38;5;249m [0m[38;5;249m [0m[38;5;249m [0m[38;5;249m [0m[38;5;249m [0m[38;5;249m [0m[38;5;249m [0m[38;5;249m [0m[38;5;249mt[0m[38;5;249mh[0m[38;5;249mi[0m[38;5;249ms[0m[38;5;249m.[0m[38;5;249m_[0m[38;5;249mm[0m[38;5;249ma[0m[38;5;249mn[0m[38;5;249mt[0m[38;5;249mi[0m[38;5;249ms[0m[38;5;249ms[0m[38;5;249ma[0m[38;5;249m [0m[38;5;249m=[0m[38;5;249m [0m0n[38;5;249m;[0m
[90m│[39m  [38;5;240m│[0m                            ─┬
[90m│[39m  [38;5;240m│[0m                             ╰──
[90m│[39m  [38;5;246m─────╯[0m
[90m│[39m  [39m
[90m│[39m
[33m▲[39m  [43mVite[49m [33m[33m[TOLERATED_TRANSFORM] [0mBig integer literals are not available in
[90m│[39m  the configured target environment.
[90m│[39m  [38;5;246m╭[0m[38;5;246m─[0m[38;5;246m[[0m node_modules/@formatjs/bigdecimal/index.js:166:26 [38;5;246m][0m
[90m│[39m  [38;5;246m│[0m
[90m│[39m  [38;5;246m166 │[0m [38;5;249m [0m[38;5;249m [0m[38;5;249m [0m[38;5;249m [0m[38;5;249m [0m[38;5;249m [0m[38;5;249m [0m[38;5;249mi[0m[38;5;249mf[0m[38;5;249m [0m[38;5;249m([0m[38;5;249mt[0m[38;5;249mh[0m[38;5;249mi[0m[38;5;249ms[0m[38;5;249m.[0m[38;5;249m_[0m[38;5;249mm[0m[38;5;249ma[0m[38;5;249mn[0m[38;5;249mt[0m[38;5;249mi[0m[38;5;249ms[0m[38;5;249ms[0m[38;5;249ma[0m[38;5;249m [0m[38;5;249m=[0m[38;5;249m=[0m[38;5;249m=[0m[38;5;249m [0m0n[38;5;249m [0m[38;5;249m|[0m[38;5;249m|[0m[38;5;249m [0m[38;5;249mo[0m[38;5;249mt[0m[38;5;249mh[0m[38;5;249me[0m[38;5;249mr[0m[38;5;249m.[0m[38;5;249m_[0m[38;5;249mm[0m[38;5;249ma[0m[38;5;249mn[0m[38;5;249mt[0m[38;5;249mi[0m[38;5;249ms[0m[38;5;249ms[0m[38;5;249ma[0m[38;5;249m [0m[38;5;249m=[0m[38;5;249m=[0m[38;5;249m=[0m[38;5;249m [0m[38;5;249m0[0m[38;5;249mn[0m[38;5;249m)[0m[38;5;249m [0m[38;5;249m{[0m
[90m│[39m  [38;5;240m│[0m                               ─┬
[90m│[39m  [38;5;240m│[0m                                ╰──
[90m│[39m  [38;5;246m─────╯[0m
[90m│[39m  [39m
[90m│[39m
[33m▲[39m  [43mVite[49m [33m[33m[TOLERATED_TRANSFORM] [0mBig integer literals are not available in
[90m│[39m  the configured target environment.
[90m│[39m  [38;5;246m╭[0m[38;5;246m─[0m[38;5;246m[[0m node_modules/@formatjs/bigdecimal/index.js:166:52 [38;5;246m][0m
[90m│[39m  [38;5;246m│[0m
[90m│[39m  [38;5;246m166 │[0m [38;5;249m [0m[38;5;249m [0m[38;5;249m [0m[38;5;249m [0m[38;5;249m [0m[38;5;249m [0m[38;5;249m [0m[38;5;249mi[0m[38;5;249mf[0m[38;5;249m [0m[38;5;249m([0m[38;5;249mt[0m[38;5;249mh[0m[38;5;249mi[0m[38;5;249ms[0m[38;5;249m.[0m[38;5;249m_[0m[38;5;249mm[0m[38;5;249ma[0m[38;5;249mn[0m[38;5;249mt[0m[38;5;249mi[0m[38;5;249ms[0m[38;5;249ms[0m[38;5;249ma[0m[38;5;249m [0m[38;5;249m=[0m[38;5;249m=[0m[38;5;249m=[0m[38;5;249m [0m[38;5;249m0[0m[38;5;249mn[0m[38;5;249m [0m[38;5;249m|[0m[38;5;249m|[0m[38;5;249m [0m[38;5;249mo[0m[38;5;249mt[0m[38;5;249mh[0m[38;5;249me[0m[38;5;249mr[0m[38;5;249m.[0m[38;5;249m_[0m[38;5;249mm[0m[38;5;249ma[0m[38;5;249mn[0m[38;5;249mt[0m[38;5;249mi[0m[38;5;249ms[0m[38;5;249ms[0m[38;5;249ma[0m[38;5;249m [0m[38;5;249m=[0m[38;5;249m=[0m[38;5;249m=[0m[38;5;249m [0m0n[38;5;249m)[0m[38;5;249m [0m[38;5;249m{[0m
[90m│[39m  [38;5;240m│[0m                                                         ─┬
[90m│[39m  [38;5;240m│[0m                                                          ╰──
[90m│[39m  [38;5;246m─────╯[0m
[90m│[39m  [39m
[90m│[39m
[33m▲[39m  [43mVite[49m [33m[33m[TOLERATED_TRANSFORM] [0mBig integer literals are not available in
[90m│[39m  the configured target environment.
[90m│[39m  [38;5;246m╭[0m[38;5;246m─[0m[38;5;246m[[0m node_modules/@formatjs/bigdecimal/index.js:168:30 [38;5;246m][0m
[90m│[39m  [38;5;246m│[0m
[90m│[39m  [38;5;246m168 │[0m [38;5;249m [0m[38;5;249m [0m[38;5;249m [0m[38;5;249m [0m[38;5;249m [0m[38;5;249m [0m[38;5;249m [0m[38;5;249m [0m[38;5;249m [0m[38;5;249mr[0m[38;5;249me[0m[38;5;249mt[0m[38;5;249mu[0m[38;5;249mr[0m[38;5;249mn[0m[38;5;249m [0m[38;5;249mB[0m[38;5;249mi[0m[38;5;249mg[0m[38;5;249mD[0m[38;5;249me[0m[38;5;249mc[0m[38;5;249mi[0m[38;5;249mm[0m[38;5;249ma[0m[38;5;249ml[0m[38;5;249m.[0m[38;5;249m_[0m[38;5;249mc[0m[38;5;249mr[0m[38;5;249me[0m[38;5;249ma[0m[38;5;249mt[0m[38;5;249me[0m[38;5;249m([0m0n[38;5;249m,[0m[38;5;249m [0m[38;5;249m0[0m[38;5;249m,[0m[38;5;249m [0m[38;5;249m0[0m[38;5;249m,[0m[38;5;249m [0m[38;5;249mn[0m[38;5;249me[0m[38;5;249mg[0m[38;5;249mZ[0m[38;5;249me[0m[38;5;249mr[0m[38;5;249mo[0m[38;5;249m)[0m[38;5;249m;[0m
[90m│[39m  [38;5;240m│[0m                                    ─┬
[90m│[39m  [38;5;240m│[0m                                     ╰──
[90m│[39m  [38;5;246m─────╯[0m
[90m│[39m  [39m
[90m│[39m
[33m▲[39m  [43mVite[49m [33m[33m[TOLERATED_TRANSFORM] [0mBig integer literals are not available in
[90m│[39m  the configured target environment.
[90m│[39m  [38;5;246m╭[0m[38;5;246m─[0m[38;5;246m[[0m node_modules/@formatjs/bigdecimal/index.js:176:27 [38;5;246m][0m
[90m│[39m  [38;5;246m│[0m
[90m│[39m  [38;5;246m176 │[0m [38;5;249m [0m[38;5;249m [0m[38;5;249m [0m[38;5;249m [0m[38;5;249m [0m[38;5;249m [0m[38;5;249m [0m[38;5;249mi[0m[38;5;249mf[0m[38;5;249m [0m[38;5;249m([0m[38;5;249mo[0m[38;5;249mt[0m[38;5;249mh[0m[38;5;249me[0m[38;5;249mr[0m[38;5;249m.[0m[38;5;249m_[0m[38;5;249mm[0m[38;5;249ma[0m[38;5;249mn[0m[38;5;249mt[0m[38;5;249mi[0m[38;5;249ms[0m[38;5;249ms[0m[38;5;249ma[0m[38;5;249m [0m[38;5;249m=[0m[38;5;249m=[0m[38;5;249m=[0m[38;5;249m [0m0n[38;5;249m)[0m[38;5;249m [0m[38;5;249m{[0m
[90m│[39m  [38;5;240m│[0m                                ─┬
[90m│[39m  [38;5;240m│[0m                                 ╰──
[90m│[39m  [38;5;246m─────╯[0m
[90m│[39m  [39m
[90m│[39m
[33m▲[39m  [43mVite[49m [33m[33m[TOLERATED_TRANSFORM] [0mBig integer literals are not available in
[90m│[39m  the configured target environment.
[90m│[39m  [38;5;246m╭[0m[38;5;246m─[0m[38;5;246m[[0m node_modules/@formatjs/bigdecimal/index.js:177:27 [38;5;246m][0m
[90m│[39m  [38;5;246m│[0m
[90m│[39m  [38;5;246m177 │[0m [38;5;249m [0m[38;5;249m [0m[38;5;249m [0m[38;5;249m [0m[38;5;249m [0m[38;5;249m [0m[38;5;249m [0m[38;5;249m [0m[38;5;249m [0m[38;5;249mi[0m[38;5;249mf[0m[38;5;249m [0m[38;5;249m([0m[38;5;249mt[0m[38;5;249mh[0m[38;5;249mi[0m[38;5;249ms[0m[38;5;249m.[0m[38;5;249m_[0m[38;5;249mm[0m[38;5;249ma[0m[38;5;249mn[0m[38;5;249mt[0m[38;5;249mi[0m[38;5;249ms[0m[38;5;249ms[0m[38;5;249ma[0m[38;5;249m [0m[38;5;249m=[0m[38;5;249m=[0m[38;5;249m=[0m[38;5;249m [0m0n[38;5;249m)[0m[38;5;249m [0m[38;5;249mr[0m[38;5;249me[0m[38;5;249mt[0m[38;5;249mu[0m[38;5;249mr[0m[38;5;249mn[0m[38;5;249m
[90m│[39m  [0m[38;5;249mB[0m[38;5;249mi[0m[38;5;249mg[0m[38;5;249mD[0m[38;5;249me[0m[38;5;249mc[0m[38;5;249mi[0m[38;5;249mm[0m[38;5;249ma[0m[38;5;249ml[0m[38;5;249m.[0m[38;5;249m_[0m[38;5;249mc[0m[38;5;249mr[0m[38;5;249me[0m[38;5;249ma[0m[38;5;249mt[0m[38;5;249me[0m[38;5;249m([0m[38;5;249m0[0m[38;5;249mn[0m[38;5;249m,[0m[38;5;249m [0m[38;5;249m0[0m[38;5;249m,[0m[38;5;249m [0m[38;5;249m1[0m[38;5;249m,[0m[38;5;249m [0m[38;5;249mf[0m[38;5;249ma[0m[38;5;249ml[0m[38;5;249ms[0m[38;5;249me[0m[38;5;249m)[0m[38;5;249m;[0m
[90m│[39m  [38;5;240m│[0m                                 ─┬
[90m│[39m  [38;5;240m│[0m                                  ╰──
[90m│[39m  [38;5;246m─────╯[0m
[90m│[39m  [39m
[90m│[39m
[33m▲[39m  [43mVite[49m [33m[33m[TOLERATED_TRANSFORM] [0mBig integer literals are not available in
[90m│[39m  the configured target environment.
[90m│[39m  [38;5;246m╭[0m[38;5;246m─[0m[38;5;246m[[0m node_modules/@formatjs/bigdecimal/index.js:177:57 [38;5;246m][0m
[90m│[39m  [38;5;246m│[0m
[90m│[39m  [38;5;246m177 │[0m [38;5;249m [0m[38;5;249m [0m[38;5;249m [0m[38;5;249m [0m[38;5;249m [0m[38;5;249m [0m[38;5;249m [0m[38;5;249m [0m[38;5;249m [0m[38;5;249mi[0m[38;5;249mf[0m[38;5;249m [0m[38;5;249m([0m[38;5;249mt[0m[38;5;249mh[0m[38;5;249mi[0m[38;5;249ms[0m[38;5;249m.[0m[38;5;249m_[0m[38;5;249mm[0m[38;5;249ma[0m[38;5;249mn[0m[38;5;249mt[0m[38;5;249mi[0m[38;5;249ms[0m[38;5;249ms[0m[38;5;249ma[0m[38;5;249m [0m[38;5;249m=[0m[38;5;249m=[0m[38;5;249m=[0m[38;5;249m [0m[38;5;249m0[0m[38;5;249mn[0m[38;5;249m)[0m[38;5;249m [0m[38;5;249mr[0m[38;5;249me[0m[38;5;249mt[0m[38;5;249mu[0m[38;5;249mr[0m[38;5;249mn[0m[38;5;249m
[90m│[39m  [0m[38;5;249mB[0m[38;5;249mi[0m[38;5;249mg[0m[38;5;249mD[0m[38;5;249me[0m[38;5;249mc[0m[38;5;249mi[0m[38;5;249mm[0m[38;5;249ma[0m[38;5;249ml[0m[38;5;249m.[0m[38;5;249m_[0m[38;5;249mc[0m[38;5;249mr[0m[38;5;249me[0m[38;5;249ma[0m[38;5;249mt[0m[38;5;249me[0m[38;5;249m([0m0n[38;5;249m,[0m[38;5;249m [0m[38;5;249m0[0m[38;5;249m,[0m[38;5;249m [0m[38;5;249m1[0m[38;5;249m,[0m[38;5;249m [0m[38;5;249mf[0m[38;5;249ma[0m[38;5;249ml[0m[38;5;249ms[0m[38;5;249me[0m[38;5;249m)[0m[38;5;249m;[0m
[90m│[39m  [38;5;240m│[0m                                                               ─┬
[90m│[39m  [38;5;240m│[0m                                                                ╰──
[90m│[39m  [38;5;246m─────╯[0m
[90m│[39m  [39m
[90m│[39m
[33m▲[39m  [43mVite[49m [33m[33m[TOLERATED_TRANSFORM] [0mBig integer literals are not available in
[90m│[39m  the configured target environment.
[90m│[39m  [38;5;246m╭[0m[38;5;246m─[0m[38;5;246m[[0m node_modules/@formatjs/bigdecimal/index.js:179:30 [38;5;246m][0m
[90m│[39m  [38;5;246m│[0m
[90m│[39m  [38;5;246m179 │[0m [38;5;249m [0m[38;5;249m [0m[38;5;249m [0m[38;5;249m [0m[38;5;249m [0m[38;5;249m [0m[38;5;249m [0m[38;5;249m [0m[38;5;249m [0m[38;5;249mr[0m[38;5;249me[0m[38;5;249mt[0m[38;5;249mu[0m[38;5;249mr[0m[38;5;249mn[0m[38;5;249m [0m[38;5;249mB[0m[38;5;249mi[0m[38;5;249mg[0m[38;5;249mD[0m[38;5;249me[0m[38;5;249mc[0m[38;5;249mi[0m[38;5;249mm[0m[38;5;249ma[0m[38;5;249ml[0m[38;5;249m.[0m[38;5;249m_[0m[38;5;249mc[0m[38;5;249mr[0m[38;5;249me[0m[38;5;249ma[0m[38;5;249mt[0m[38;5;249me[0m[38;5;249m([0m0n[38;5;249m,[0m[38;5;249m [0m[38;5;249m0[0m[38;5;249m,[0m[38;5;249m [0m[38;5;249mn[0m[38;5;249me[0m[38;5;249mg[0m[38;5;249m [0m[38;5;249m?[0m[38;5;249m [0m[38;5;249m3[0m[38;5;249m [0m[38;5;249m:[0m[38;5;249m [0m[38;5;249m2[0m[38;5;249m,[0m[38;5;249m [0m[38;5;249mf[0m[38;5;249ma[0m[38;5;249ml[0m[38;5;249ms[0m[38;5;249me[0m[38;5;249m)[0m[38;5;249m;[0m
[90m│[39m  [38;5;240m│[0m                                    ─┬
[90m│[39m  [38;5;240m│[0m                                     ╰──
[90m│[39m  [38;5;246m─────╯[0m
[90m│[39m  [39m
[90m│[39m
[33m▲[39m  [43mVite[49m [33m[33m[TOLERATED_TRANSFORM] [0mBig integer literals are not available in
[90m│[39m  the configured target environment.
[90m│[39m  [38;5;246m╭[0m[38;5;246m─[0m[38;5;246m[[0m node_modules/@formatjs/bigdecimal/index.js:181:26 [38;5;246m][0m
[90m│[39m  [38;5;246m│[0m
[90m│[39m  [38;5;246m181 │[0m [38;5;249m [0m[38;5;249m [0m[38;5;249m [0m[38;5;249m [0m[38;5;249m [0m[38;5;249m [0m[38;5;249m [0m[38;5;249mi[0m[38;5;249mf[0m[38;5;249m [0m[38;5;249m([0m[38;5;249mt[0m[38;5;249mh[0m[38;5;249mi[0m[38;5;249ms[0m[38;5;249m.[0m[38;5;249m_[0m[38;5;249mm[0m[38;5;249ma[0m[38;5;249mn[0m[38;5;249mt[0m[38;5;249mi[0m[38;5;249ms[0m[38;5;249ms[0m[38;5;249ma[0m[38;5;249m [0m[38;5;249m=[0m[38;5;249m=[0m[38;5;249m=[0m[38;5;249m [0m0n[38;5;249m)[0m[38;5;249m [0m[38;5;249m{[0m
[90m│[39m  [38;5;240m│[0m                               ─┬
[90m│[39m  [38;5;240m│[0m                                ╰──
[90m│[39m  [38;5;246m─────╯[0m
[90m│[39m  [39m
[90m│[39m
[33m▲[39m  [43mVite[49m [33m[33m[TOLERATED_TRANSFORM] [0mBig integer literals are not available in
[90m│[39m  the configured target environment.
[90m│[39m  [38;5;246m╭[0m[38;5;246m─[0m[38;5;246m[[0m node_modules/@formatjs/bigdecimal/index.js:183:30 [38;5;246m][0m
[90m│[39m  [38;5;246m│[0m
[90m│[39m  [38;5;246m183 │[0m [38;5;249m [0m[38;5;249m [0m[38;5;249m [0m[38;5;249m [0m[38;5;249m [0m[38;5;249m [0m[38;5;249m [0m[38;5;249m [0m[38;5;249m [0m[38;5;249mr[0m[38;5;249me[0m[38;5;249mt[0m[38;5;249mu[0m[38;5;249mr[0m[38;5;249mn[0m[38;5;249m [0m[38;5;249mB[0m[38;5;249mi[0m[38;5;249mg[0m[38;5;249mD[0m[38;5;249me[0m[38;5;249mc[0m[38;5;249mi[0m[38;5;249mm[0m[38;5;249ma[0m[38;5;249ml[0m[38;5;249m.[0m[38;5;249m_[0m[38;5;249mc[0m[38;5;249mr[0m[38;5;249me[0m[38;5;249ma[0m[38;5;249mt[0m[38;5;249me[0m[38;5;249m([0m0n[38;5;249m,[0m[38;5;249m [0m[38;5;249m0[0m[38;5;249m,[0m[38;5;249m [0m[38;5;249m0[0m[38;5;249m,[0m[38;5;249m [0m[38;5;249mn[0m[38;5;249me[0m[38;5;249mg[0m[38;5;249mZ[0m[38;5;249me[0m[38;5;249mr[0m[38;5;249mo[0m[38;5;249m)[0m[38;5;249m;[0m
[90m│[39m  [38;5;240m│[0m                                    ─┬
[90m│[39m  [38;5;240m│[0m                                     ╰──
[90m│[39m  [38;5;246m─────╯[0m
[90m│[39m  [39m
[90m│[39m
[33m▲[39m  [43mVite[49m [33m[33m[TOLERATED_TRANSFORM] [0mBig integer literals are not available in
[90m│[39m  the configured target environment.
[90m│[39m  [38;5;246m╭[0m[38;5;246m─[0m[38;5;246m[[0m node_modules/@formatjs/bigdecimal/index.js:191:26 [38;5;246m][0m
[90m│[39m  [38;5;246m│[0m
[90m│[39m  [38;5;246m191 │[0m [38;5;249m [0m[38;5;249m [0m[38;5;249m [0m[38;5;249m [0m[38;5;249m [0m[38;5;249m [0m[38;5;249m [0m[38;5;249mi[0m[38;5;249mf[0m[38;5;249m [0m[38;5;249m([0m[38;5;249mt[0m[38;5;249mh[0m[38;5;249mi[0m[38;5;249ms[0m[38;5;249m.[0m[38;5;249m_[0m[38;5;249mm[0m[38;5;249ma[0m[38;5;249mn[0m[38;5;249mt[0m[38;5;249mi[0m[38;5;249ms[0m[38;5;249ms[0m[38;5;249ma[0m[38;5;249m [0m[38;5;249m=[0m[38;5;249m=[0m[38;5;249m=[0m[38;5;249m [0m0n[38;5;249m [0m[38;5;249m&[0m[38;5;249m&[0m[38;5;249m [0m[38;5;249mo[0m[38;5;249mt[0m[38;5;249mh[0m[38;5;249me[0m[38;5;249mr[0m[38;5;249m.[0m[38;5;249m_[0m[38;5;249mm[0m[38;5;249ma[0m[38;5;249mn[0m[38;5;249mt[0m[38;5;249mi[0m[38;5;249ms[0m[38;5;249ms[0m[38;5;249ma[0m[38;5;249m [0m[38;5;249m=[0m[38;5;249m=[0m[38;5;249m=[0m[38;5;249m [0m[38;5;249m0[0m[38;5;249mn[0m[38;5;249m)[0m[38;5;249m [0m[38;5;249m{[0m
[90m│[39m  [38;5;240m│[0m                               ─┬
[90m│[39m  [38;5;240m│[0m                                ╰──
[90m│[39m  [38;5;246m─────╯[0m
[90m│[39m  [39m
[90m│[39m
[33m▲[39m  [43mVite[49m [33m[33m[TOLERATED_TRANSFORM] [0mBig integer literals are not available in
[90m│[39m  the configured target environment.
[90m│[39m  [38;5;246m╭[0m[38;5;246m─[0m[38;5;246m[[0m node_modules/@formatjs/bigdecimal/index.js:191:52 [38;5;246m][0m
[90m│[39m  [38;5;246m│[0m
[90m│[39m  [38;5;246m191 │[0m [38;5;249m [0m[38;5;249m [0m[38;5;249m [0m[38;5;249m [0m[38;5;249m [0m[38;5;249m [0m[38;5;249m [0m[38;5;249mi[0m[38;5;249mf[0m[38;5;249m [0m[38;5;249m([0m[38;5;249mt[0m[38;5;249mh[0m[38;5;249mi[0m[38;5;249ms[0m[38;5;249m.[0m[38;5;249m_[0m[38;5;249mm[0m[38;5;249ma[0m[38;5;249mn[0m[38;5;249mt[0m[38;5;249mi[0m[38;5;249ms[0m[38;5;249ms[0m[38;5;249ma[0m[38;5;249m [0m[38;5;249m=[0m[38;5;249m=[0m[38;5;249m=[0m[38;5;249m [0m[38;5;249m0[0m[38;5;249mn[0m[38;5;249m [0m[38;5;249m&[0m[38;5;249m&[0m[38;5;249m [0m[38;5;249mo[0m[38;5;249mt[0m[38;5;249mh[0m[38;5;249me[0m[38;5;249mr[0m[38;5;249m.[0m[38;5;249m_[0m[38;5;249mm[0m[38;5;249ma[0m[38;5;249mn[0m[38;5;249mt[0m[38;5;249mi[0m[38;5;249ms[0m[38;5;249ms[0m[38;5;249ma[0m[38;5;249m [0m[38;5;249m=[0m[38;5;249m=[0m[38;5;249m=[0m[38;5;249m [0m0n[38;5;249m)[0m[38;5;249m [0m[38;5;249m{[0m
[90m│[39m  [38;5;240m│[0m                                                         ─┬
[90m│[39m  [38;5;240m│[0m                                                          ╰──
[90m│[39m  [38;5;246m─────╯[0m
[90m│[39m  [39m
[90m│[39m
[33m▲[39m  [43mVite[49m [33m[33m[TOLERATED_TRANSFORM] [0mBig integer literals are not available in
[90m│[39m  the configured target environment.
[90m│[39m  [38;5;246m╭[0m[38;5;246m─[0m[38;5;246m[[0m node_modules/@formatjs/bigdecimal/index.js:193:30 [38;5;246m][0m
[90m│[39m  [38;5;246m│[0m
[90m│[39m  [38;5;246m193 │[0m [38;5;249m [0m[38;5;249m [0m[38;5;249m [0m[38;5;249m [0m[38;5;249m [0m[38;5;249m [0m[38;5;249m [0m[38;5;249m [0m[38;5;249m [0m[38;5;249mr[0m[38;5;249me[0m[38;5;249mt[0m[38;5;249mu[0m[38;5;249mr[0m[38;5;249mn[0m[38;5;249m [0m[38;5;249mB[0m[38;5;249mi[0m[38;5;249mg[0m[38;5;249mD[0m[38;5;249me[0m[38;5;249mc[0m[38;5;249mi[0m[38;5;249mm[0m[38;5;249ma[0m[38;5;249ml[0m[38;5;249m.[0m[38;5;249m_[0m[38;5;249mc[0m[38;5;249mr[0m[38;5;249me[0m[38;5;249ma[0m[38;5;249mt[0m[38;5;249me[0m[38;5;249m([0m0n[38;5;249m,[0m[38;5;249m [0m[38;5;249m0[0m[38;5;249m,[0m[38;5;249m [0m[38;5;249m0[0m[38;5;249m,[0m[38;5;249m [0m[38;5;249mn[0m[38;5;249me[0m[38;5;249mg[0m[38;5;249mZ[0m[38;5;249me[0m[38;5;249mr[0m[38;5;249mo[0m[38;5;249m)[0m[38;5;249m;[0m
[90m│[39m  [38;5;240m│[0m                                    ─┬
[90m│[39m  [38;5;240m│[0m                                     ╰──
[90m│[39m  [38;5;246m─────╯[0m
[90m│[39m  [39m
[90m│[39m
[33m▲[39m  [43mVite[49m [33m[33m[TOLERATED_TRANSFORM] [0mBig integer literals are not available in
[90m│[39m  the configured target environment.
[90m│[39m  [38;5;246m╭[0m[38;5;246m─[0m[38;5;246m[[0m node_modules/@formatjs/bigdecimal/index.js:195:26 [38;5;246m][0m
[90m│[39m  [38;5;246m│[0m
[90m│[39m  [38;5;246m195 │[0m [38;5;249m [0m[38;5;249m [0m[38;5;249m [0m[38;5;249m [0m[38;5;249m [0m[38;5;249m [0m[38;5;249m [0m[38;5;249mi[0m[38;5;249mf[0m[38;5;249m [0m[38;5;249m([0m[38;5;249mt[0m[38;5;249mh[0m[38;5;249mi[0m[38;5;249ms[0m[38;5;249m.[0m[38;5;249m_[0m[38;5;249mm[0m[38;5;249ma[0m[38;5;249mn[0m[38;5;249mt[0m[38;5;249mi[0m[38;5;249ms[0m[38;5;249ms[0m[38;5;249ma[0m[38;5;249m [0m[38;5;249m=[0m[38;5;249m=[0m[38;5;249m=[0m[38;5;249m [0m0n[38;5;249m)[0m[38;5;249m [0m[38;5;249mr[0m[38;5;249me[0m[38;5;249mt[0m[38;5;249mu[0m[38;5;249mr[0m[38;5;249mn[0m[38;5;249m [0m[38;5;249mo[0m[38;5;249mt[0m[38;5;249mh[0m[38;5;249me[0m[38;5;249mr[0m[38;5;249m;[0m
[90m│[39m  [38;5;240m│[0m                               ─┬
[90m│[39m  [38;5;240m│[0m                                ╰──
[90m│[39m  [38;5;246m─────╯[0m
[90m│[39m  [39m
[90m│[39m
[33m▲[39m  [43mVite[49m [33m[33m[TOLERATED_TRANSFORM] [0mBig integer literals are not available in
[90m│[39m  the configured target environment.
[90m│[39m  [38;5;246m╭[0m[38;5;246m─[0m[38;5;246m[[0m node_modules/@formatjs/bigdecimal/index.js:196:27 [38;5;246m][0m
[90m│[39m  [38;5;246m│[0m
[90m│[39m  [38;5;246m196 │[0m [38;5;249m [0m[38;5;249m [0m[38;5;249m [0m[38;5;249m [0m[38;5;249m [0m[38;5;249m [0m[38;5;249m [0m[38;5;249mi[0m[38;5;249mf[0m[38;5;249m [0m[38;5;249m([0m[38;5;249mo[0m[38;5;249mt[0m[38;5;249mh[0m[38;5;249me[0m[38;5;249mr[0m[38;5;249m.[0m[38;5;249m_[0m[38;5;249mm[0m[38;5;249ma[0m[38;5;249mn[0m[38;5;249mt[0m[38;5;249mi[0m[38;5;249ms[0m[38;5;249ms[0m[38;5;249ma[0m[38;5;249m [0m[38;5;249m=[0m[38;5;249m=[0m[38;5;249m=[0m[38;5;249m [0m0n[38;5;249m)[0m[38;5;249m [0m[38;5;249mr[0m[38;5;249me[0m[38;5;249mt[0m[38;5;249mu[0m[38;5;249mr[0m[38;5;249mn[0m[38;5;249m [0m[38;5;249mt[0m[38;5;249mh[0m[38;5;249mi[0m[38;5;249ms[0m[38;5;249m;[0m
[90m│[39m  [38;5;240m│[0m                                ─┬
[90m│[39m  [38;5;240m│[0m                                 ╰──
[90m│[39m  [38;5;246m─────╯[0m
[90m│[39m  [39m
[90m│[39m
[33m▲[39m  [43mVite[49m [33m[33m[TOLERATED_TRANSFORM] [0mBig integer literals are not available in
[90m│[39m  the configured target environment.
[90m│[39m  [38;5;246m╭[0m[38;5;246m─[0m[38;5;246m[[0m node_modules/@formatjs/bigdecimal/index.js:205:15 [38;5;246m][0m
[90m│[39m  [38;5;246m│[0m
[90m│[39m  [38;5;246m205 │[0m [38;5;249m [0m[38;5;249m [0m[38;5;249m [0m[38;5;249m [0m[38;5;249m [0m[38;5;249m [0m[38;5;249m [0m[38;5;249mi[0m[38;5;249mf[0m[38;5;249m [0m[38;5;249m([0m[38;5;249ms[0m[38;5;249mu[0m[38;5;249mm[0m[38;5;249m [0m[38;5;249m=[0m[38;5;249m=[0m[38;5;249m=[0m[38;5;249m [0m0n[38;5;249m)[0m[38;5;249m [0m[38;5;249mr[0m[38;5;249me[0m[38;5;249mt[0m[38;5;249mu[0m[38;5;249mr[0m[38;5;249mn[0m[38;5;249m [0m[38;5;249mB[0m[38;5;249mi[0m[38;5;249mg[0m[38;5;249mD[0m[38;5;249me[0m[38;5;249mc[0m[38;5;249mi[0m[38;5;249mm[0m[38;5;249ma[0m[38;5;249ml[0m[38;5;249m.[0m[38;5;249m_[0m[38;5;249mc[0m[38;5;249mr[0m[38;5;249me[0m[38;5;249ma[0m[38;5;249mt[0m[38;5;249me[0m[38;5;249m([0m[38;5;249m0[0m[38;5;249mn[0m[38;5;249m,[0m[38;5;249m [0m[38;5;249m0[0m[38;5;249m,[0m[38;5;249m [0m[38;5;249m0[0m[38;5;249m,[0m[38;5;249m
[90m│[39m  [0m[38;5;249mf[0m[38;5;249ma[0m[38;5;249ml[0m[38;5;249ms[0m[38;5;249me[0m[38;5;249m)[0m[38;5;249m;[0m
[90m│[39m  [38;5;240m│[0m                    ─┬
[90m│[39m  [38;5;240m│[0m                     ╰──
[90m│[39m  [38;5;246m─────╯[0m
[90m│[39m  [39m
[90m│[39m
[33m▲[39m  [43mVite[49m [33m[33m[TOLERATED_TRANSFORM] [0mBig integer literals are not available in
[90m│[39m  the configured target environment.
[90m│[39m  [38;5;246m╭[0m[38;5;246m─[0m[38;5;246m[[0m node_modules/@formatjs/bigdecimal/index.js:205:45 [38;5;246m][0m
[90m│[39m  [38;5;246m│[0m
[90m│[39m  [38;5;246m205 │[0m [38;5;249m [0m[38;5;249m [0m[38;5;249m [0m[38;5;249m [0m[38;5;249m [0m[38;5;249m [0m[38;5;249m [0m[38;5;249mi[0m[38;5;249mf[0m[38;5;249m [0m[38;5;249m([0m[38;5;249ms[0m[38;5;249mu[0m[38;5;249mm[0m[38;5;249m [0m[38;5;249m=[0m[38;5;249m=[0m[38;5;249m=[0m[38;5;249m [0m[38;5;249m0[0m[38;5;249mn[0m[38;5;249m)[0m[38;5;249m [0m[38;5;249mr[0m[38;5;249me[0m[38;5;249mt[0m[38;5;249mu[0m[38;5;249mr[0m[38;5;249mn[0m[38;5;249m [0m[38;5;249mB[0m[38;5;249mi[0m[38;5;249mg[0m[38;5;249mD[0m[38;5;249me[0m[38;5;249mc[0m[38;5;249mi[0m[38;5;249mm[0m[38;5;249ma[0m[38;5;249ml[0m[38;5;249m.[0m[38;5;249m_[0m[38;5;249mc[0m[38;5;249mr[0m[38;5;249me[0m[38;5;249ma[0m[38;5;249mt[0m[38;5;249me[0m[38;5;249m([0m0n[38;5;249m,[0m[38;5;249m [0m[38;5;249m0[0m[38;5;249m,[0m[38;5;249m [0m[38;5;249m0[0m[38;5;249m,[0m[38;5;249m
[90m│[39m  [0m[38;5;249mf[0m[38;5;249ma[0m[38;5;249ml[0m[38;5;249ms[0m[38;5;249me[0m[38;5;249m)[0m[38;5;249m;[0m
[90m│[39m  [38;5;240m│[0m                                                  ─┬
[90m│[39m  [38;5;240m│[0m                                                   ╰──
[90m│[39m  [38;5;246m─────╯[0m
[90m│[39m  [39m
[90m│[39m
[33m▲[39m  [43mVite[49m [33m[33m[TOLERATED_TRANSFORM] [0mBig integer literals are not available in
[90m│[39m  the configured target environment.
[90m│[39m  [38;5;246m╭[0m[38;5;246m─[0m[38;5;246m[[0m node_modules/@formatjs/bigdecimal/index.js:215:79 [38;5;246m][0m
[90m│[39m  [38;5;246m│[0m
[90m│[39m  [38;5;246m215 │[0m [38;5;249m [0m[38;5;249m [0m[38;5;249m [0m[38;5;249m [0m[38;5;249m [0m[38;5;249m [0m[38;5;249m [0m[38;5;249m [0m[38;5;249m [0m[38;5;249mi[0m[38;5;249mf[0m[38;5;249m [0m[38;5;249m([0m[38;5;249mt[0m[38;5;249mh[0m[38;5;249mi[0m[38;5;249ms[0m[38;5;249m.[0m[38;5;249m_[0m[38;5;249ms[0m[38;5;249mp[0m[38;5;249me[0m[38;5;249mc[0m[38;5;249mi[0m[38;5;249ma[0m[38;5;249ml[0m[38;5;249m [0m[38;5;249m=[0m[38;5;249m=[0m[38;5;249m=[0m[38;5;249m [0m[38;5;249m1[0m[38;5;249m [0m[38;5;249m|[0m[38;5;249m|[0m[38;5;249m [0m[38;5;249mo[0m[38;5;249mt[0m[38;5;249mh[0m[38;5;249me[0m[38;5;249mr[0m[38;5;249m.[0m[38;5;249m_[0m[38;5;249ms[0m[38;5;249mp[0m[38;5;249me[0m[38;5;249mc[0m[38;5;249mi[0m[38;5;249ma[0m[38;5;249ml[0m[38;5;249m [0m[38;5;249m=[0m[38;5;249m=[0m[38;5;249m=[0m[38;5;249m [0m[38;5;249m1[0m[38;5;249m)[0m[38;5;249m [0m[38;5;249mr[0m[38;5;249me[0m[38;5;249mt[0m[38;5;249mu[0m[38;5;249mr[0m[38;5;249mn[0m[38;5;249m
[90m│[39m  [0m[38;5;249mB[0m[38;5;249mi[0m[38;5;249mg[0m[38;5;249mD[0m[38;5;249me[0m[38;5;249mc[0m[38;5;249mi[0m[38;5;249mm[0m[38;5;249ma[0m[38;5;249ml[0m[38;5;249m.[0m[38;5;249m_[0m[38;5;249mc[0m[38;5;249mr[0m[38;5;249me[0m[38;5;249ma[0m[38;5;249mt[0m[38;5;249me[0m[38;5;249m([0m0n[38;5;249m,[0m[38;5;249m [0m[38;5;249m0[0m[38;5;249m,[0m[38;5;249m [0m[38;5;249m1[0m[38;5;249m,[0m[38;5;249m [0m[38;5;249mf[0m[38;5;249ma[0m[38;5;249ml[0m[38;5;249ms[0m[38;5;249me[0m[38;5;249m)[0m[38;5;249m;[0m
[90m│[39m  [38;5;240m│[0m
[90m│[39m  ─┬
[90m│[39m  [38;5;240m│[0m
[90m│[39m  ╰──
[90m│[39m  [38;5;246m─────╯[0m
[90m│[39m  [39m
[90m│[39m
[33m▲[39m  [43mVite[49m [33m[33m[TOLERATED_TRANSFORM] [0mBig integer literals are not available in
[90m│[39m  the configured target environment.
[90m│[39m  [38;5;246m╭[0m[38;5;246m─[0m[38;5;246m[[0m node_modules/@formatjs/bigdecimal/index.js:216:78 [38;5;246m][0m
[90m│[39m  [38;5;246m│[0m
[90m│[39m  [38;5;246m216 │[0m [38;5;249m [0m[38;5;249m [0m[38;5;249m [0m[38;5;249m [0m[38;5;249m [0m[38;5;249m [0m[38;5;249m [0m[38;5;249m [0m[38;5;249m [0m[38;5;249mi[0m[38;5;249mf[0m[38;5;249m [0m[38;5;249m([0m[38;5;249mt[0m[38;5;249mh[0m[38;5;249mi[0m[38;5;249ms[0m[38;5;249m.[0m[38;5;249m_[0m[38;5;249ms[0m[38;5;249mp[0m[38;5;249me[0m[38;5;249mc[0m[38;5;249mi[0m[38;5;249ma[0m[38;5;249ml[0m[38;5;249m [0m[38;5;249m=[0m[38;5;249m=[0m[38;5;249m=[0m[38;5;249m [0m[38;5;249m2[0m[38;5;249m [0m[38;5;249m|[0m[38;5;249m|[0m[38;5;249m [0m[38;5;249mt[0m[38;5;249mh[0m[38;5;249mi[0m[38;5;249ms[0m[38;5;249m.[0m[38;5;249m_[0m[38;5;249ms[0m[38;5;249mp[0m[38;5;249me[0m[38;5;249mc[0m[38;5;249mi[0m[38;5;249ma[0m[38;5;249ml[0m[38;5;249m [0m[38;5;249m=[0m[38;5;249m=[0m[38;5;249m=[0m[38;5;249m [0m[38;5;249m3[0m[38;5;249m)[0m[38;5;249m [0m[38;5;249mr[0m[38;5;249me[0m[38;5;249mt[0m[38;5;249mu[0m[38;5;249mr[0m[38;5;249mn[0m[38;5;249m
[90m│[39m  [0m[38;5;249mB[0m[38;5;249mi[0m[38;5;249mg[0m[38;5;249mD[0m[38;5;249me[0m[38;5;249mc[0m[38;5;249mi[0m[38;5;249mm[0m[38;5;249ma[0m[38;5;249ml[0m[38;5;249m.[0m[38;5;249m_[0m[38;5;249mc[0m[38;5;249mr[0m[38;5;249me[0m[38;5;249ma[0m[38;5;249mt[0m[38;5;249me[0m[38;5;249m([0m0n[38;5;249m,[0m[38;5;249m [0m[38;5;249m0[0m[38;5;249m,[0m[38;5;249m [0m[38;5;249m1[0m[38;5;249m,[0m[38;5;249m [0m[38;5;249mf[0m[38;5;249ma[0m[38;5;249ml[0m[38;5;249ms[0m[38;5;249me[0m[38;5;249m)[0m[38;5;249m;[0m
[90m│[39m  [38;5;240m│[0m
[90m│[39m  ─┬
[90m│[39m  [38;5;240m│[0m
[90m│[39m  ╰──
[90m│[39m  [38;5;246m─────╯[0m
[90m│[39m  [39m
[90m│[39m
[33m▲[39m  [43mVite[49m [33m[33m[TOLERATED_TRANSFORM] [0mBig integer literals are not available in
[90m│[39m  the configured target environment.
[90m│[39m  [38;5;246m╭[0m[38;5;246m─[0m[38;5;246m[[0m node_modules/@formatjs/bigdecimal/index.js:219:27 [38;5;246m][0m
[90m│[39m  [38;5;246m│[0m
[90m│[39m  [38;5;246m219 │[0m [38;5;249m [0m[38;5;249m [0m[38;5;249m [0m[38;5;249m [0m[38;5;249m [0m[38;5;249m [0m[38;5;249m [0m[38;5;249mi[0m[38;5;249mf[0m[38;5;249m [0m[38;5;249m([0m[38;5;249mo[0m[38;5;249mt[0m[38;5;249mh[0m[38;5;249me[0m[38;5;249mr[0m[38;5;249m.[0m[38;5;249m_[0m[38;5;249mm[0m[38;5;249ma[0m[38;5;249mn[0m[38;5;249mt[0m[38;5;249mi[0m[38;5;249ms[0m[38;5;249ms[0m[38;5;249ma[0m[38;5;249m [0m[38;5;249m=[0m[38;5;249m=[0m[38;5;249m=[0m[38;5;249m [0m0n[38;5;249m)[0m[38;5;249m [0m[38;5;249mr[0m[38;5;249me[0m[38;5;249mt[0m[38;5;249mu[0m[38;5;249mr[0m[38;5;249mn[0m[38;5;249m [0m[38;5;249mB[0m[38;5;249mi[0m[38;5;249mg[0m[38;5;249mD[0m[38;5;249me[0m[38;5;249mc[0m[38;5;249mi[0m[38;5;249mm[0m[38;5;249ma[0m[38;5;249ml[0m[38;5;249m.[0m[38;5;249m_[0m[38;5;249mc[0m[38;5;249mr[0m[38;5;249me[0m[38;5;249ma[0m[38;5;249mt[0m[38;5;249me[0m[38;5;249m([0m[38;5;249m0[0m[38;5;249mn[0m[38;5;249m,[0m[38;5;249m
[90m│[39m  [0m[38;5;249m0[0m[38;5;249m,[0m[38;5;249m [0m[38;5;249m1[0m[38;5;249m,[0m[38;5;249m [0m[38;5;249mf[0m[38;5;249ma[0m[38;5;249ml[0m[38;5;249ms[0m[38;5;249me[0m[38;5;249m)[0m[38;5;249m;[0m
[90m│[39m  [38;5;240m│[0m                                ─┬
[90m│[39m  [38;5;240m│[0m                                 ╰──
[90m│[39m  [38;5;246m─────╯[0m
[90m│[39m  [39m
[90m│[39m
[33m▲[39m  [43mVite[49m [33m[33m[TOLERATED_TRANSFORM] [0mBig integer literals are not available in
[90m│[39m  the configured target environment.
[90m│[39m  [38;5;246m╭[0m[38;5;246m─[0m[38;5;246m[[0m node_modules/@formatjs/bigdecimal/index.js:219:57 [38;5;246m][0m
[90m│[39m  [38;5;246m│[0m
[90m│[39m  [38;5;246m219 │[0m [38;5;249m [0m[38;5;249m [0m[38;5;249m [0m[38;5;249m [0m[38;5;249m [0m[38;5;249m [0m[38;5;249m [0m[38;5;249mi[0m[38;5;249mf[0m[38;5;249m [0m[38;5;249m([0m[38;5;249mo[0m[38;5;249mt[0m[38;5;249mh[0m[38;5;249me[0m[38;5;249mr[0m[38;5;249m.[0m[38;5;249m_[0m[38;5;249mm[0m[38;5;249ma[0m[38;5;249mn[0m[38;5;249mt[0m[38;5;249mi[0m[38;5;249ms[0m[38;5;249ms[0m[38;5;249ma[0m[38;5;249m [0m[38;5;249m=[0m[38;5;249m=[0m[38;5;249m=[0m[38;5;249m [0m[38;5;249m0[0m[38;5;249mn[0m[38;5;249m)[0m[38;5;249m [0m[38;5;249mr[0m[38;5;249me[0m[38;5;249mt[0m[38;5;249mu[0m[38;5;249mr[0m[38;5;249mn[0m[38;5;249m [0m[38;5;249mB[0m[38;5;249mi[0m[38;5;249mg[0m[38;5;249mD[0m[38;5;249me[0m[38;5;249mc[0m[38;5;249mi[0m[38;5;249mm[0m[38;5;249ma[0m[38;5;249ml[0m[38;5;249m.[0m[38;5;249m_[0m[38;5;249mc[0m[38;5;249mr[0m[38;5;249me[0m[38;5;249ma[0m[38;5;249mt[0m[38;5;249me[0m[38;5;249m([0m0n[38;5;249m,[0m[38;5;249m
[90m│[39m  [0m[38;5;249m0[0m[38;5;249m,[0m[38;5;249m [0m[38;5;249m1[0m[38;5;249m,[0m[38;5;249m [0m[38;5;249mf[0m[38;5;249ma[0m[38;5;249ml[0m[38;5;249ms[0m[38;5;249me[0m[38;5;249m)[0m[38;5;249m;[0m
[90m│[39m  [38;5;240m│[0m                                                              ─┬
[90m│[39m  [38;5;240m│[0m                                                               ╰──
[90m│[39m  [38;5;246m─────╯[0m
[90m│[39m  [39m
[90m│[39m
[33m▲[39m  [43mVite[49m [33m[33m[TOLERATED_TRANSFORM] [0mBig integer literals are not available in
[90m│[39m  the configured target environment.
[90m│[39m  [38;5;246m╭[0m[38;5;246m─[0m[38;5;246m[[0m node_modules/@formatjs/bigdecimal/index.js:220:26 [38;5;246m][0m
[90m│[39m  [38;5;246m│[0m
[90m│[39m  [38;5;246m220 │[0m [38;5;249m [0m[38;5;249m [0m[38;5;249m [0m[38;5;249m [0m[38;5;249m [0m[38;5;249m [0m[38;5;249m [0m[38;5;249mi[0m[38;5;249mf[0m[38;5;249m [0m[38;5;249m([0m[38;5;249mt[0m[38;5;249mh[0m[38;5;249mi[0m[38;5;249ms[0m[38;5;249m.[0m[38;5;249m_[0m[38;5;249mm[0m[38;5;249ma[0m[38;5;249mn[0m[38;5;249mt[0m[38;5;249mi[0m[38;5;249ms[0m[38;5;249ms[0m[38;5;249ma[0m[38;5;249m [0m[38;5;249m=[0m[38;5;249m=[0m[38;5;249m=[0m[38;5;249m [0m0n[38;5;249m)[0m[38;5;249m [0m[38;5;249mr[0m[38;5;249me[0m[38;5;249mt[0m[38;5;249mu[0m[38;5;249mr[0m[38;5;249mn[0m[38;5;249m [0m[38;5;249mt[0m[38;5;249mh[0m[38;5;249mi[0m[38;5;249ms[0m[38;5;249m;[0m
[90m│[39m  [38;5;240m│[0m                               ─┬
[90m│[39m  [38;5;240m│[0m                                ╰──
[90m│[39m  [38;5;246m─────╯[0m
[90m│[39m  [39m
[90m│[39m
[33m▲[39m  [43mVite[49m [33m[33m[TOLERATED_TRANSFORM] [0mBig integer literals are not available in
[90m│[39m  the configured target environment.
[90m│[39m  [38;5;246m╭[0m[38;5;246m─[0m[38;5;246m[[0m node_modules/@formatjs/bigdecimal/index.js:229:21 [38;5;246m][0m
[90m│[39m  [38;5;246m│[0m
[90m│[39m  [38;5;246m229 │[0m [38;5;249m [0m[38;5;249m [0m[38;5;249m [0m[38;5;249m [0m[38;5;249m [0m[38;5;249m [0m[38;5;249m [0m[38;5;249mi[0m[38;5;249mf[0m[38;5;249m [0m[38;5;249m([0m[38;5;249mr[0m[38;5;249me[0m[38;5;249mm[0m[38;5;249ma[0m[38;5;249mi[0m[38;5;249mn[0m[38;5;249md[0m[38;5;249me[0m[38;5;249mr[0m[38;5;249m [0m[38;5;249m=[0m[38;5;249m=[0m[38;5;249m=[0m[38;5;249m [0m0n[38;5;249m)[0m[38;5;249m [0m[38;5;249mr[0m[38;5;249me[0m[38;5;249mt[0m[38;5;249mu[0m[38;5;249mr[0m[38;5;249mn[0m[38;5;249m [0m[38;5;249mB[0m[38;5;249mi[0m[38;5;249mg[0m[38;5;249mD[0m[38;5;249me[0m[38;5;249mc[0m[38;5;249mi[0m[38;5;249mm[0m[38;5;249ma[0m[38;5;249ml[0m[38;5;249m.[0m[38;5;249m_[0m[38;5;249mc[0m[38;5;249mr[0m[38;5;249me[0m[38;5;249ma[0m[38;5;249mt[0m[38;5;249me[0m[38;5;249m([0m[38;5;249m0[0m[38;5;249mn[0m[38;5;249m,[0m[38;5;249m [0m[38;5;249m0[0m[38;5;249m,[0m[38;5;249m [0m[38;5;249m0[0m[38;5;249m,[0m[38;5;249m
[90m│[39m  [0m[38;5;249mf[0m[38;5;249ma[0m[38;5;249ml[0m[38;5;249ms[0m[38;5;249me[0m[38;5;249m)[0m[38;5;249m;[0m
[90m│[39m  [38;5;240m│[0m                          ─┬
[90m│[39m  [38;5;240m│[0m                           ╰──
[90m│[39m  [38;5;246m─────╯[0m
[90m│[39m  [39m
[90m│[39m
[33m▲[39m  [43mVite[49m [33m[33m[TOLERATED_TRANSFORM] [0mBig integer literals are not available in
[90m│[39m  the configured target environment.
[90m│[39m  [38;5;246m╭[0m[38;5;246m─[0m[38;5;246m[[0m node_modules/@formatjs/bigdecimal/index.js:229:51 [38;5;246m][0m
[90m│[39m  [38;5;246m│[0m
[90m│[39m  [38;5;246m229 │[0m [38;5;249m [0m[38;5;249m [0m[38;5;249m [0m[38;5;249m [0m[38;5;249m [0m[38;5;249m [0m[38;5;249m [0m[38;5;249mi[0m[38;5;249mf[0m[38;5;249m [0m[38;5;249m([0m[38;5;249mr[0m[38;5;249me[0m[38;5;249mm[0m[38;5;249ma[0m[38;5;249mi[0m[38;5;249mn[0m[38;5;249md[0m[38;5;249me[0m[38;5;249mr[0m[38;5;249m [0m[38;5;249m=[0m[38;5;249m=[0m[38;5;249m=[0m[38;5;249m [0m[38;5;249m0[0m[38;5;249mn[0m[38;5;249m)[0m[38;5;249m [0m[38;5;249mr[0m[38;5;249me[0m[38;5;249mt[0m[38;5;249mu[0m[38;5;249mr[0m[38;5;249mn[0m[38;5;249m [0m[38;5;249mB[0m[38;5;249mi[0m[38;5;249mg[0m[38;5;249mD[0m[38;5;249me[0m[38;5;249mc[0m[38;5;249mi[0m[38;5;249mm[0m[38;5;249ma[0m[38;5;249ml[0m[38;5;249m.[0m[38;5;249m_[0m[38;5;249mc[0m[38;5;249mr[0m[38;5;249me[0m[38;5;249ma[0m[38;5;249mt[0m[38;5;249me[0m[38;5;249m([0m0n[38;5;249m,[0m[38;5;249m [0m[38;5;249m0[0m[38;5;249m,[0m[38;5;249m [0m[38;5;249m0[0m[38;5;249m,[0m[38;5;249m
[90m│[39m  [0m[38;5;249mf[0m[38;5;249ma[0m[38;5;249ml[0m[38;5;249ms[0m[38;5;249me[0m[38;5;249m)[0m[38;5;249m;[0m
[90m│[39m  [38;5;240m│[0m                                                        ─┬
[90m│[39m  [38;5;240m│[0m                                                         ╰──
[90m│[39m  [38;5;246m─────╯[0m
[90m│[39m  [39m
[90m│[39m
[33m▲[39m  [43mVite[49m [33m[33m[TOLERATED_TRANSFORM] [0mBig integer literals are not available in
[90m│[39m  the configured target environment.
[90m│[39m  [38;5;246m╭[0m[38;5;246m─[0m[38;5;246m[[0m node_modules/@formatjs/bigdecimal/index.js:235:54 [38;5;246m][0m
[90m│[39m  [38;5;246m│[0m
[90m│[39m  [38;5;246m235 │[0m [38;5;249m [0m[38;5;249m [0m[38;5;249m [0m[38;5;249m [0m[38;5;249m [0m[38;5;249m [0m[38;5;249m [0m[38;5;249mi[0m[38;5;249mf[0m[38;5;249m [0m[38;5;249m([0m[38;5;249mt[0m[38;5;249mh[0m[38;5;249mi[0m[38;5;249ms[0m[38;5;249m.[0m[38;5;249m_[0m[38;5;249ms[0m[38;5;249mp[0m[38;5;249me[0m[38;5;249mc[0m[38;5;249mi[0m[38;5;249ma[0m[38;5;249ml[0m[38;5;249m [0m[38;5;249m=[0m[38;5;249m=[0m[38;5;249m=[0m[38;5;249m [0m[38;5;249m3[0m[38;5;249m)[0m[38;5;249m [0m[38;5;249mr[0m[38;5;249me[0m[38;5;249mt[0m[38;5;249mu[0m[38;5;249mr[0m[38;5;249mn[0m[38;5;249m [0m[38;5;249mB[0m[38;5;249mi[0m[38;5;249mg[0m[38;5;249mD[0m[38;5;249me[0m[38;5;249mc[0m[38;5;249mi[0m[38;5;249mm[0m[38;5;249ma[0m[38;5;249ml[0m[38;5;249m.[0m[38;5;249m_[0m[38;5;249mc[0m[38;5;249mr[0m[38;5;249me[0m[38;5;249ma[0m[38;5;249mt[0m[38;5;249me[0m[38;5;249m([0m0n[38;5;249m,[0m[38;5;249m [0m[38;5;249m0[0m[38;5;249m,[0m[38;5;249m
[90m│[39m  [0m[38;5;249m2[0m[38;5;249m,[0m[38;5;249m [0m[38;5;249mf[0m[38;5;249ma[0m[38;5;249ml[0m[38;5;249ms[0m[38;5;249me[0m[38;5;249m)[0m[38;5;249m;[0m
[90m│[39m  [38;5;240m│[0m                                                           ─┬
[90m│[39m  [38;5;240m│[0m                                                            ╰──
[90m│[39m  [38;5;246m─────╯[0m
[90m│[39m  [39m
[90m│[39m
[33m▲[39m  [43mVite[49m [33m[33m[TOLERATED_TRANSFORM] [0mBig integer literals are not available in
[90m│[39m  the configured target environment.
[90m│[39m  [38;5;246m╭[0m[38;5;246m─[0m[38;5;246m[[0m node_modules/@formatjs/bigdecimal/index.js:240:54 [38;5;246m][0m
[90m│[39m  [38;5;246m│[0m
[90m│[39m  [38;5;246m240 │[0m [38;5;249m [0m[38;5;249m [0m[38;5;249m [0m[38;5;249m [0m[38;5;249m [0m[38;5;249m [0m[38;5;249m [0m[38;5;249mi[0m[38;5;249mf[0m[38;5;249m [0m[38;5;249m([0m[38;5;249mt[0m[38;5;249mh[0m[38;5;249mi[0m[38;5;249ms[0m[38;5;249m.[0m[38;5;249m_[0m[38;5;249ms[0m[38;5;249mp[0m[38;5;249me[0m[38;5;249mc[0m[38;5;249mi[0m[38;5;249ma[0m[38;5;249ml[0m[38;5;249m [0m[38;5;249m=[0m[38;5;249m=[0m[38;5;249m=[0m[38;5;249m [0m[38;5;249m2[0m[38;5;249m)[0m[38;5;249m [0m[38;5;249mr[0m[38;5;249me[0m[38;5;249mt[0m[38;5;249mu[0m[38;5;249mr[0m[38;5;249mn[0m[38;5;249m [0m[38;5;249mB[0m[38;5;249mi[0m[38;5;249mg[0m[38;5;249mD[0m[38;5;249me[0m[38;5;249mc[0m[38;5;249mi[0m[38;5;249mm[0m[38;5;249ma[0m[38;5;249ml[0m[38;5;249m.[0m[38;5;249m_[0m[38;5;249mc[0m[38;5;249mr[0m[38;5;249me[0m[38;5;249ma[0m[38;5;249mt[0m[38;5;249me[0m[38;5;249m([0m0n[38;5;249m,[0m[38;5;249m [0m[38;5;249m0[0m[38;5;249m,[0m[38;5;249m
[90m│[39m  [0m[38;5;249m3[0m[38;5;249m,[0m[38;5;249m [0m[38;5;249mf[0m[38;5;249ma[0m[38;5;249ml[0m[38;5;249ms[0m[38;5;249me[0m[38;5;249m)[0m[38;5;249m;[0m
[90m│[39m  [38;5;240m│[0m                                                           ─┬
[90m│[39m  [38;5;240m│[0m                                                            ╰──
[90m│[39m  [38;5;246m─────╯[0m
[90m│[39m  [39m
[90m│[39m
[33m▲[39m  [43mVite[49m [33m[33m[TOLERATED_TRANSFORM] [0mBig integer literals are not available in
[90m│[39m  the configured target environment.
[90m│[39m  [38;5;246m╭[0m[38;5;246m─[0m[38;5;246m[[0m node_modules/@formatjs/bigdecimal/index.js:241:54 [38;5;246m][0m
[90m│[39m  [38;5;246m│[0m
[90m│[39m  [38;5;246m241 │[0m [38;5;249m [0m[38;5;249m [0m[38;5;249m [0m[38;5;249m [0m[38;5;249m [0m[38;5;249m [0m[38;5;249m [0m[38;5;249mi[0m[38;5;249mf[0m[38;5;249m [0m[38;5;249m([0m[38;5;249mt[0m[38;5;249mh[0m[38;5;249mi[0m[38;5;249ms[0m[38;5;249m.[0m[38;5;249m_[0m[38;5;249ms[0m[38;5;249mp[0m[38;5;249me[0m[38;5;249mc[0m[38;5;249mi[0m[38;5;249ma[0m[38;5;249ml[0m[38;5;249m [0m[38;5;249m=[0m[38;5;249m=[0m[38;5;249m=[0m[38;5;249m [0m[38;5;249m3[0m[38;5;249m)[0m[38;5;249m [0m[38;5;249mr[0m[38;5;249me[0m[38;5;249mt[0m[38;5;249mu[0m[38;5;249mr[0m[38;5;249mn[0m[38;5;249m [0m[38;5;249mB[0m[38;5;249mi[0m[38;5;249mg[0m[38;5;249mD[0m[38;5;249me[0m[38;5;249mc[0m[38;5;249mi[0m[38;5;249mm[0m[38;5;249ma[0m[38;5;249ml[0m[38;5;249m.[0m[38;5;249m_[0m[38;5;249mc[0m[38;5;249mr[0m[38;5;249me[0m[38;5;249ma[0m[38;5;249mt[0m[38;5;249me[0m[38;5;249m([0m0n[38;5;249m,[0m[38;5;249m [0m[38;5;249m0[0m[38;5;249m,[0m[38;5;249m
[90m│[39m  [0m[38;5;249m2[0m[38;5;249m,[0m[38;5;249m [0m[38;5;249mf[0m[38;5;249ma[0m[38;5;249ml[0m[38;5;249ms[0m[38;5;249me[0m[38;5;249m)[0m[38;5;249m;[0m
[90m│[39m  [38;5;240m│[0m                                                           ─┬
[90m│[39m  [38;5;240m│[0m                                                            ╰──
[90m│[39m  [38;5;246m─────╯[0m
[90m│[39m  [39m
[90m│[39m
[33m▲[39m  [43mVite[49m [33m[33m[TOLERATED_TRANSFORM] [0mBig integer literals are not available in
[90m│[39m  the configured target environment.
[90m│[39m  [38;5;246m╭[0m[38;5;246m─[0m[38;5;246m[[0m node_modules/@formatjs/bigdecimal/index.js:242:26 [38;5;246m][0m
[90m│[39m  [38;5;246m│[0m
[90m│[39m  [38;5;246m242 │[0m [38;5;249m [0m[38;5;249m [0m[38;5;249m [0m[38;5;249m [0m[38;5;249m [0m[38;5;249m [0m[38;5;249m [0m[38;5;249mi[0m[38;5;249mf[0m[38;5;249m [0m[38;5;249m([0m[38;5;249mt[0m[38;5;249mh[0m[38;5;249mi[0m[38;5;249ms[0m[38;5;249m.[0m[38;5;249m_[0m[38;5;249mm[0m[38;5;249ma[0m[38;5;249mn[0m[38;5;249mt[0m[38;5;249mi[0m[38;5;249ms[0m[38;5;249ms[0m[38;5;249ma[0m[38;5;249m [0m[38;5;249m=[0m[38;5;249m=[0m[38;5;249m=[0m[38;5;249m [0m0n[38;5;249m)[0m[38;5;249m [0m[38;5;249mr[0m[38;5;249me[0m[38;5;249mt[0m[38;5;249mu[0m[38;5;249mr[0m[38;5;249mn[0m[38;5;249m [0m[38;5;249mB[0m[38;5;249mi[0m[38;5;249mg[0m[38;5;249mD[0m[38;5;249me[0m[38;5;249mc[0m[38;5;249mi[0m[38;5;249mm[0m[38;5;249ma[0m[38;5;249ml[0m[38;5;249m.[0m[38;5;249m_[0m[38;5;249mc[0m[38;5;249mr[0m[38;5;249me[0m[38;5;249ma[0m[38;5;249mt[0m[38;5;249me[0m[38;5;249m([0m[38;5;249m0[0m[38;5;249mn[0m[38;5;249m,[0m[38;5;249m
[90m│[39m  [0m[38;5;249m0[0m[38;5;249m,[0m[38;5;249m [0m[38;5;249m0[0m[38;5;249m,[0m[38;5;249m [0m[38;5;249m![0m[38;5;249mt[0m[38;5;249mh[0m[38;5;249mi[0m[38;5;249ms[0m[38;5;249m.[0m[38;5;249m_[0m[38;5;249mn[0m[38;5;249me[0m[38;5;249mg[0m[38;5;249ma[0m[38;5;249mt[0m[38;5;249mi[0m[38;5;249mv[0m[38;5;249me[0m[38;5;249mZ[0m[38;5;249me[0m[38;5;249mr[0m[38;5;249mo[0m[38;5;249m)[0m[38;5;249m;[0m
[90m│[39m  [38;5;240m│[0m                               ─┬
[90m│[39m  [38;5;240m│[0m                                ╰──
[90m│[39m  [38;5;246m─────╯[0m
[90m│[39m  [39m
[90m│[39m
[33m▲[39m  [43mVite[49m [33m[33m[TOLERATED_TRANSFORM] [0mBig integer literals are not available in
[90m│[39m  the configured target environment.
[90m│[39m  [38;5;246m╭[0m[38;5;246m─[0m[38;5;246m[[0m node_modules/@formatjs/bigdecimal/index.js:242:56 [38;5;246m][0m
[90m│[39m  [38;5;246m│[0m
[90m│[39m  [38;5;246m242 │[0m [38;5;249m [0m[38;5;249m [0m[38;5;249m [0m[38;5;249m [0m[38;5;249m [0m[38;5;249m [0m[38;5;249m [0m[38;5;249mi[0m[38;5;249mf[0m[38;5;249m [0m[38;5;249m([0m[38;5;249mt[0m[38;5;249mh[0m[38;5;249mi[0m[38;5;249ms[0m[38;5;249m.[0m[38;5;249m_[0m[38;5;249mm[0m[38;5;249ma[0m[38;5;249mn[0m[38;5;249mt[0m[38;5;249mi[0m[38;5;249ms[0m[38;5;249ms[0m[38;5;249ma[0m[38;5;249m [0m[38;5;249m=[0m[38;5;249m=[0m[38;5;249m=[0m[38;5;249m [0m[38;5;249m0[0m[38;5;249mn[0m[38;5;249m)[0m[38;5;249m [0m[38;5;249mr[0m[38;5;249me[0m[38;5;249mt[0m[38;5;249mu[0m[38;5;249mr[0m[38;5;249mn[0m[38;5;249m [0m[38;5;249mB[0m[38;5;249mi[0m[38;5;249mg[0m[38;5;249mD[0m[38;5;249me[0m[38;5;249mc[0m[38;5;249mi[0m[38;5;249mm[0m[38;5;249ma[0m[38;5;249ml[0m[38;5;249m.[0m[38;5;249m_[0m[38;5;249mc[0m[38;5;249mr[0m[38;5;249me[0m[38;5;249ma[0m[38;5;249mt[0m[38;5;249me[0m[38;5;249m([0m0n[38;5;249m,[0m[38;5;249m
[90m│[39m  [0m[38;5;249m0[0m[38;5;249m,[0m[38;5;249m [0m[38;5;249m0[0m[38;5;249m,[0m[38;5;249m [0m[38;5;249m![0m[38;5;249mt[0m[38;5;249mh[0m[38;5;249mi[0m[38;5;249ms[0m[38;5;249m.[0m[38;5;249m_[0m[38;5;249mn[0m[38;5;249me[0m[38;5;249mg[0m[38;5;249ma[0m[38;5;249mt[0m[38;5;249mi[0m[38;5;249mv[0m[38;5;249me[0m[38;5;249mZ[0m[38;5;249me[0m[38;5;249mr[0m[38;5;249mo[0m[38;5;249m)[0m[38;5;249m;[0m
[90m│[39m  [38;5;240m│[0m                                                             ─┬
[90m│[39m  [38;5;240m│[0m                                                              ╰──
[90m│[39m  [38;5;246m─────╯[0m
[90m│[39m  [39m
[90m│[39m
[33m▲[39m  [43mVite[49m [33m[33m[TOLERATED_TRANSFORM] [0mBig integer literals are not available in
[90m│[39m  the configured target environment.
[90m│[39m  [38;5;246m╭[0m[38;5;246m─[0m[38;5;246m[[0m node_modules/@formatjs/bigdecimal/index.js:250:68 [38;5;246m][0m
[90m│[39m  [38;5;246m│[0m
[90m│[39m  [38;5;246m250 │[0m [38;5;249m [0m[38;5;249m [0m[38;5;249m [0m[38;5;249m [0m[38;5;249m [0m[38;5;249m [0m[38;5;249m [0m[38;5;249mi[0m[38;5;249mf[0m[38;5;249m [0m[38;5;249m([0m[38;5;249mt[0m[38;5;249mh[0m[38;5;249mi[0m[38;5;249ms[0m[38;5;249m.[0m[38;5;249m_[0m[38;5;249ms[0m[38;5;249mp[0m[38;5;249me[0m[38;5;249mc[0m[38;5;249mi[0m[38;5;249ma[0m[38;5;249ml[0m[38;5;249m [0m[38;5;249m=[0m[38;5;249m=[0m[38;5;249m=[0m[38;5;249m [0m[38;5;249m3[0m[38;5;249m)[0m[38;5;249m [0m[38;5;249mr[0m[38;5;249me[0m[38;5;249mt[0m[38;5;249mu[0m[38;5;249mr[0m[38;5;249mn[0m[38;5;249m [0m[38;5;249mn[0m[38;5;249m [0m[38;5;249m%[0m[38;5;249m [0m[38;5;249m2[0m[38;5;249m [0m[38;5;249m=[0m[38;5;249m=[0m[38;5;249m=[0m[38;5;249m [0m[38;5;249m0[0m[38;5;249m [0m[38;5;249m?[0m[38;5;249m
[90m│[39m  [0m[38;5;249mB[0m[38;5;249mi[0m[38;5;249mg[0m[38;5;249mD[0m[38;5;249me[0m[38;5;249mc[0m[38;5;249mi[0m[38;5;249mm[0m[38;5;249ma[0m[38;5;249ml[0m[38;5;249m.[0m[38;5;249m_[0m[38;5;249mc[0m[38;5;249mr[0m[38;5;249me[0m[38;5;249ma[0m[38;5;249mt[0m[38;5;249me[0m[38;5;249m([0m0n[38;5;249m,[0m[38;5;249m [0m[38;5;249m0[0m[38;5;249m,[0m[38;5;249m [0m[38;5;249m2[0m[38;5;249m,[0m[38;5;249m [0m[38;5;249mf[0m[38;5;249ma[0m[38;5;249ml[0m[38;5;249ms[0m[38;5;249me[0m[38;5;249m)[0m[38;5;249m [0m[38;5;249m:[0m[38;5;249m [0m[38;5;249mt[0m[38;5;249mh[0m[38;5;249mi[0m[38;5;249ms[0m[38;5;249m;[0m
[90m│[39m  [38;5;240m│[0m
[90m│[39m  ─┬
[90m│[39m  [38;5;240m│[0m
[90m│[39m  ╰──
[90m│[39m  [38;5;246m─────╯[0m
[90m│[39m  [39m
[90m│[39m
[33m▲[39m  [43mVite[49m [33m[33m[TOLERATED_TRANSFORM] [0mBig integer literals are not available in
[90m│[39m  the configured target environment.
[90m│[39m  [38;5;246m╭[0m[38;5;246m─[0m[38;5;246m[[0m node_modules/@formatjs/bigdecimal/index.js:251:26 [38;5;246m][0m
[90m│[39m  [38;5;246m│[0m
[90m│[39m  [38;5;246m251 │[0m [38;5;249m [0m[38;5;249m [0m[38;5;249m [0m[38;5;249m [0m[38;5;249m [0m[38;5;249m [0m[38;5;249m [0m[38;5;249mi[0m[38;5;249mf[0m[38;5;249m [0m[38;5;249m([0m[38;5;249mt[0m[38;5;249mh[0m[38;5;249mi[0m[38;5;249ms[0m[38;5;249m.[0m[38;5;249m_[0m[38;5;249mm[0m[38;5;249ma[0m[38;5;249mn[0m[38;5;249mt[0m[38;5;249mi[0m[38;5;249ms[0m[38;5;249ms[0m[38;5;249ma[0m[38;5;249m [0m[38;5;249m=[0m[38;5;249m=[0m[38;5;249m=[0m[38;5;249m [0m0n[38;5;249m)[0m[38;5;249m [0m[38;5;249mr[0m[38;5;249me[0m[38;5;249mt[0m[38;5;249mu[0m[38;5;249mr[0m[38;5;249mn[0m[38;5;249m [0m[38;5;249mn[0m[38;5;249me[0m[38;5;249mw[0m[38;5;249m [0m[38;5;249mB[0m[38;5;249mi[0m[38;5;249mg[0m[38;5;249mD[0m[38;5;249me[0m[38;5;249mc[0m[38;5;249mi[0m[38;5;249mm[0m[38;5;249ma[0m[38;5;249ml[0m[38;5;249m([0m[38;5;249m0[0m[38;5;249m)[0m[38;5;249m;[0m
[90m│[39m  [38;5;240m│[0m                               ─┬
[90m│[39m  [38;5;240m│[0m                                ╰──
[90m│[39m  [38;5;246m─────╯[0m
[90m│[39m  [39m
[90m│[39m
[33m▲[39m  [43mVite[49m [33m[33m[TOLERATED_TRANSFORM] [0mBig integer literals are not available in
[90m│[39m  the configured target environment.
[90m│[39m  [38;5;246m╭[0m[38;5;246m─[0m[38;5;246m[[0m node_modules/@formatjs/bigdecimal/index.js:257:26 [38;5;246m][0m
[90m│[39m  [38;5;246m│[0m
[90m│[39m  [38;5;246m257 │[0m [38;5;249m [0m[38;5;249m [0m[38;5;249m [0m[38;5;249m [0m[38;5;249m [0m[38;5;249m [0m[38;5;249m [0m[38;5;249mi[0m[38;5;249mf[0m[38;5;249m [0m[38;5;249m([0m[38;5;249mt[0m[38;5;249mh[0m[38;5;249mi[0m[38;5;249ms[0m[38;5;249m.[0m[38;5;249m_[0m[38;5;249mm[0m[38;5;249ma[0m[38;5;249mn[0m[38;5;249mt[0m[38;5;249mi[0m[38;5;249ms[0m[38;5;249ms[0m[38;5;249ma[0m[38;5;249m [0m[38;5;249m=[0m[38;5;249m=[0m[38;5;249m=[0m[38;5;249m [0m0n[38;5;249m)[0m[38;5;249m [0m[38;5;249mr[0m[38;5;249me[0m[38;5;249mt[0m[38;5;249mu[0m[38;5;249mr[0m[38;5;249mn[0m[38;5;249m [0m[38;5;249mt[0m[38;5;249mh[0m[38;5;249mi[0m[38;5;249ms[0m[38;5;249m;[0m
[90m│[39m  [38;5;240m│[0m                               ─┬
[90m│[39m  [38;5;240m│[0m                                ╰──
[90m│[39m  [38;5;246m─────╯[0m
[90m│[39m  [39m
[90m│[39m
[33m▲[39m  [43mVite[49m [33m[33m[TOLERATED_TRANSFORM] [0mBig integer literals are not available in
[90m│[39m  the configured target environment.
[90m│[39m  [38;5;246m╭[0m[38;5;246m─[0m[38;5;246m[[0m node_modules/@formatjs/bigdecimal/index.js:262:11 [38;5;246m][0m
[90m│[39m  [38;5;246m│[0m
[90m│[39m  [38;5;246m262 │[0m [38;5;249m [0m[38;5;249m [0m[38;5;249m [0m[38;5;249m [0m[38;5;249m [0m[38;5;249m [0m[38;5;249m [0m[38;5;249mi[0m[38;5;249mf[0m[38;5;249m [0m[38;5;249m([0m[38;5;249mm[0m[38;5;249m [0m[38;5;249m<[0m[38;5;249m [0m0n[38;5;249m [0m[38;5;249m&[0m[38;5;249m&[0m[38;5;249m [0m[38;5;249mm[0m[38;5;249m [0m[38;5;249m%[0m[38;5;249m [0m[38;5;249md[0m[38;5;249mi[0m[38;5;249mv[0m[38;5;249mi[0m[38;5;249ms[0m[38;5;249mo[0m[38;5;249mr[0m[38;5;249m [0m[38;5;249m![0m[38;5;249m=[0m[38;5;249m=[0m[38;5;249m [0m[38;5;249m0[0m[38;5;249mn[0m[38;5;249m)[0m[38;5;249m [0m[38;5;249mq[0m[38;5;249m [0m[38;5;249m-[0m[38;5;249m=[0m[38;5;249m [0m[38;5;249m1[0m[38;5;249mn[0m[38;5;249m;[0m
[90m│[39m  [38;5;240m│[0m                ─┬
[90m│[39m  [38;5;240m│[0m                 ╰──
[90m│[39m  [38;5;246m─────╯[0m
[90m│[39m  [39m
[90m│[39m
[33m▲[39m  [43mVite[49m [33m[33m[TOLERATED_TRANSFORM] [0mBig integer literals are not available in
[90m│[39m  the configured target environment.
[90m│[39m  [38;5;246m╭[0m[38;5;246m─[0m[38;5;246m[[0m node_modules/@formatjs/bigdecimal/index.js:262:33 [38;5;246m][0m
[90m│[39m  [38;5;246m│[0m
[90m│[39m  [38;5;246m262 │[0m [38;5;249m [0m[38;5;249m [0m[38;5;249m [0m[38;5;249m [0m[38;5;249m [0m[38;5;249m [0m[38;5;249m [0m[38;5;249mi[0m[38;5;249mf[0m[38;5;249m [0m[38;5;249m([0m[38;5;249mm[0m[38;5;249m [0m[38;5;249m<[0m[38;5;249m [0m[38;5;249m0[0m[38;5;249mn[0m[38;5;249m [0m[38;5;249m&[0m[38;5;249m&[0m[38;5;249m [0m[38;5;249mm[0m[38;5;249m [0m[38;5;249m%[0m[38;5;249m [0m[38;5;249md[0m[38;5;249mi[0m[38;5;249mv[0m[38;5;249mi[0m[38;5;249ms[0m[38;5;249mo[0m[38;5;249mr[0m[38;5;249m [0m[38;5;249m![0m[38;5;249m=[0m[38;5;249m=[0m[38;5;249m [0m0n[38;5;249m)[0m[38;5;249m [0m[38;5;249mq[0m[38;5;249m [0m[38;5;249m-[0m[38;5;249m=[0m[38;5;249m [0m[38;5;249m1[0m[38;5;249mn[0m[38;5;249m;[0m
[90m│[39m  [38;5;240m│[0m                                      ─┬
[90m│[39m  [38;5;240m│[0m                                       ╰──
[90m│[39m  [38;5;246m─────╯[0m
[90m│[39m  [39m
[90m│[39m
[33m▲[39m  [43mVite[49m [33m[33m[TOLERATED_TRANSFORM] [0mBig integer literals are not available in
[90m│[39m  the configured target environment.
[90m│[39m  [38;5;246m╭[0m[38;5;246m─[0m[38;5;246m[[0m node_modules/@formatjs/bigdecimal/index.js:262:42 [38;5;246m][0m
[90m│[39m  [38;5;246m│[0m
[90m│[39m  [38;5;246m262 │[0m [38;5;249m [0m[38;5;249m [0m[38;5;249m [0m[38;5;249m [0m[38;5;249m [0m[38;5;249m [0m[38;5;249m [0m[38;5;249mi[0m[38;5;249mf[0m[38;5;249m [0m[38;5;249m([0m[38;5;249mm[0m[38;5;249m [0m[38;5;249m<[0m[38;5;249m [0m[38;5;249m0[0m[38;5;249mn[0m[38;5;249m [0m[38;5;249m&[0m[38;5;249m&[0m[38;5;249m [0m[38;5;249mm[0m[38;5;249m [0m[38;5;249m%[0m[38;5;249m [0m[38;5;249md[0m[38;5;249mi[0m[38;5;249mv[0m[38;5;249mi[0m[38;5;249ms[0m[38;5;249mo[0m[38;5;249mr[0m[38;5;249m [0m[38;5;249m![0m[38;5;249m=[0m[38;5;249m=[0m[38;5;249m [0m[38;5;249m0[0m[38;5;249mn[0m[38;5;249m)[0m[38;5;249m [0m[38;5;249mq[0m[38;5;249m [0m[38;5;249m-[0m[38;5;249m=[0m[38;5;249m [0m1n[38;5;249m;[0m
[90m│[39m  [38;5;240m│[0m                                               ─┬
[90m│[39m  [38;5;240m│[0m                                                ╰──
[90m│[39m  [38;5;246m─────╯[0m
[90m│[39m  [39m
[90m│[39m
[33m▲[39m  [43mVite[49m [33m[33m[TOLERATED_TRANSFORM] [0mBig integer literals are not available in
[90m│[39m  the configured target environment.
[90m│[39m  [38;5;246m╭[0m[38;5;246m─[0m[38;5;246m[[0m node_modules/@formatjs/bigdecimal/index.js:263:13 [38;5;246m][0m
[90m│[39m  [38;5;246m│[0m
[90m│[39m  [38;5;246m263 │[0m [38;5;249m [0m[38;5;249m [0m[38;5;249m [0m[38;5;249m [0m[38;5;249m [0m[38;5;249m [0m[38;5;249m [0m[38;5;249mi[0m[38;5;249mf[0m[38;5;249m [0m[38;5;249m([0m[38;5;249mq[0m[38;5;249m [0m[38;5;249m=[0m[38;5;249m=[0m[38;5;249m=[0m[38;5;249m [0m0n[38;5;249m)[0m[38;5;249m [0m[38;5;249m{[0m
[90m│[39m  [38;5;240m│[0m                  ─┬
[90m│[39m  [38;5;240m│[0m                   ╰──
[90m│[39m  [38;5;246m─────╯[0m
[90m│[39m  [39m
[90m│[39m
[33m▲[39m  [43mVite[49m [33m[33m[TOLERATED_TRANSFORM] [0mBig integer literals are not available in
[90m│[39m  the configured target environment.
[90m│[39m  [38;5;246m╭[0m[38;5;246m─[0m[38;5;246m[[0m node_modules/@formatjs/bigdecimal/index.js:264:37 [38;5;246m][0m
[90m│[39m  [38;5;246m│[0m
[90m│[39m  [38;5;246m264 │[0m [38;5;249m [0m[38;5;249m [0m[38;5;249m [0m[38;5;249m [0m[38;5;249m [0m[38;5;249m [0m[38;5;249m [0m[38;5;249m [0m[38;5;249m [0m[38;5;249mc[0m[38;5;249mo[0m[38;5;249mn[0m[38;5;249ms[0m[38;5;249mt[0m[38;5;249m [0m[38;5;249mn[0m[38;5;249me[0m[38;5;249mg[0m[38;5;249mZ[0m[38;5;249me[0m[38;5;249mr[0m[38;5;249mo[0m[38;5;249m [0m[38;5;249m=[0m[38;5;249m [0m[38;5;249mt[0m[38;5;249mh[0m[38;5;249mi[0m[38;5;249ms[0m[38;5;249m.[0m[38;5;249m_[0m[38;5;249mm[0m[38;5;249ma[0m[38;5;249mn[0m[38;5;249mt[0m[38;5;249mi[0m[38;5;249ms[0m[38;5;249ms[0m[38;5;249ma[0m[38;5;249m [0m[38;5;249m<[0m[38;5;249m [0m0n[38;5;249m;[0m
[90m│[39m  [38;5;240m│[0m                                           ─┬
[90m│[39m  [38;5;240m│[0m                                            ╰──
[90m│[39m  [38;5;246m─────╯[0m
[90m│[39m  [39m
[90m│[39m
[33m▲[39m  [43mVite[49m [33m[33m[TOLERATED_TRANSFORM] [0mBig integer literals are not available in
[90m│[39m  the configured target environment.
[90m│[39m  [38;5;246m╭[0m[38;5;246m─[0m[38;5;246m[[0m node_modules/@formatjs/bigdecimal/index.js:265:30 [38;5;246m][0m
[90m│[39m  [38;5;246m│[0m
[90m│[39m  [38;5;246m265 │[0m [38;5;249m [0m[38;5;249m [0m[38;5;249m [0m[38;5;249m [0m[38;5;249m [0m[38;5;249m [0m[38;5;249m [0m[38;5;249m [0m[38;5;249m [0m[38;5;249mr[0m[38;5;249me[0m[38;5;249mt[0m[38;5;249mu[0m[38;5;249mr[0m[38;5;249mn[0m[38;5;249m [0m[38;5;249mB[0m[38;5;249mi[0m[38;5;249mg[0m[38;5;249mD[0m[38;5;249me[0m[38;5;249mc[0m[38;5;249mi[0m[38;5;249mm[0m[38;5;249ma[0m[38;5;249ml[0m[38;5;249m.[0m[38;5;249m_[0m[38;5;249mc[0m[38;5;249mr[0m[38;5;249me[0m[38;5;249ma[0m[38;5;249mt[0m[38;5;249me[0m[38;5;249m([0m0n[38;5;249m,[0m[38;5;249m [0m[38;5;249m0[0m[38;5;249m,[0m[38;5;249m [0m[38;5;249m0[0m[38;5;249m,[0m[38;5;249m [0m[38;5;249mn[0m[38;5;249me[0m[38;5;249mg[0m[38;5;249mZ[0m[38;5;249me[0m[38;5;249mr[0m[38;5;249mo[0m[38;5;249m)[0m[38;5;249m;[0m
[90m│[39m  [38;5;240m│[0m                                    ─┬
[90m│[39m  [38;5;240m│[0m                                     ╰──
[90m│[39m  [38;5;246m─────╯[0m
[90m│[39m  [39m
[90m│[39m
[33m▲[39m  [43mVite[49m [33m[33m[TOLERATED_TRANSFORM] [0mBig integer literals are not available in
[90m│[39m  the configured target environment.
[90m│[39m  [38;5;246m╭[0m[38;5;246m─[0m[38;5;246m[[0m node_modules/@formatjs/bigdecimal/index.js:272:26 [38;5;246m][0m
[90m│[39m  [38;5;246m│[0m
[90m│[39m  [38;5;246m272 │[0m [38;5;249m [0m[38;5;249m [0m[38;5;249m [0m[38;5;249m [0m[38;5;249m [0m[38;5;249m [0m[38;5;249m [0m[38;5;249mi[0m[38;5;249mf[0m[38;5;249m [0m[38;5;249m([0m[38;5;249mt[0m[38;5;249mh[0m[38;5;249mi[0m[38;5;249ms[0m[38;5;249m.[0m[38;5;249m_[0m[38;5;249mm[0m[38;5;249ma[0m[38;5;249mn[0m[38;5;249mt[0m[38;5;249mi[0m[38;5;249ms[0m[38;5;249ms[0m[38;5;249ma[0m[38;5;249m [0m[38;5;249m=[0m[38;5;249m=[0m[38;5;249m=[0m[38;5;249m [0m0n[38;5;249m)[0m[38;5;249m [0m[38;5;249mr[0m[38;5;249me[0m[38;5;249mt[0m[38;5;249mu[0m[38;5;249mr[0m[38;5;249mn[0m[38;5;249m [0m[38;5;249mt[0m[38;5;249mh[0m[38;5;249mi[0m[38;5;249ms[0m[38;5;249m;[0m
[90m│[39m  [38;5;240m│[0m                               ─┬
[90m│[39m  [38;5;240m│[0m                                ╰──
[90m│[39m  [38;5;246m─────╯[0m
[90m│[39m  [39m
[90m│[39m
[33m▲[39m  [43mVite[49m [33m[33m[TOLERATED_TRANSFORM] [0mBig integer literals are not available in
[90m│[39m  the configured target environment.
[90m│[39m  [38;5;246m╭[0m[38;5;246m─[0m[38;5;246m[[0m node_modules/@formatjs/bigdecimal/index.js:277:11 [38;5;246m][0m
[90m│[39m  [38;5;246m│[0m
[90m│[39m  [38;5;246m277 │[0m [38;5;249m [0m[38;5;249m [0m[38;5;249m [0m[38;5;249m [0m[38;5;249m [0m[38;5;249m [0m[38;5;249m [0m[38;5;249mi[0m[38;5;249mf[0m[38;5;249m [0m[38;5;249m([0m[38;5;249mm[0m[38;5;249m [0m[38;5;249m>[0m[38;5;249m [0m0n[38;5;249m [0m[38;5;249m&[0m[38;5;249m&[0m[38;5;249m [0m[38;5;249mm[0m[38;5;249m [0m[38;5;249m%[0m[38;5;249m [0m[38;5;249md[0m[38;5;249mi[0m[38;5;249mv[0m[38;5;249mi[0m[38;5;249ms[0m[38;5;249mo[0m[38;5;249mr[0m[38;5;249m [0m[38;5;249m![0m[38;5;249m=[0m[38;5;249m=[0m[38;5;249m [0m[38;5;249m0[0m[38;5;249mn[0m[38;5;249m)[0m[38;5;249m [0m[38;5;249mq[0m[38;5;249m [0m[38;5;249m+[0m[38;5;249m=[0m[38;5;249m [0m[38;5;249m1[0m[38;5;249mn[0m[38;5;249m;[0m
[90m│[39m  [38;5;240m│[0m                ─┬
[90m│[39m  [38;5;240m│[0m                 ╰──
[90m│[39m  [38;5;246m─────╯[0m
[90m│[39m  [39m
[90m│[39m
[33m▲[39m  [43mVite[49m [33m[33m[TOLERATED_TRANSFORM] [0mBig integer literals are not available in
[90m│[39m  the configured target environment.
[90m│[39m  [38;5;246m╭[0m[38;5;246m─[0m[38;5;246m[[0m node_modules/@formatjs/bigdecimal/index.js:277:33 [38;5;246m][0m
[90m│[39m  [38;5;246m│[0m
[90m│[39m  [38;5;246m277 │[0m [38;5;249m [0m[38;5;249m [0m[38;5;249m [0m[38;5;249m [0m[38;5;249m [0m[38;5;249m [0m[38;5;249m [0m[38;5;249mi[0m[38;5;249mf[0m[38;5;249m [0m[38;5;249m([0m[38;5;249mm[0m[38;5;249m [0m[38;5;249m>[0m[38;5;249m [0m[38;5;249m0[0m[38;5;249mn[0m[38;5;249m [0m[38;5;249m&[0m[38;5;249m&[0m[38;5;249m [0m[38;5;249mm[0m[38;5;249m [0m[38;5;249m%[0m[38;5;249m [0m[38;5;249md[0m[38;5;249mi[0m[38;5;249mv[0m[38;5;249mi[0m[38;5;249ms[0m[38;5;249mo[0m[38;5;249mr[0m[38;5;249m [0m[38;5;249m![0m[38;5;249m=[0m[38;5;249m=[0m[38;5;249m [0m0n[38;5;249m)[0m[38;5;249m [0m[38;5;249mq[0m[38;5;249m [0m[38;5;249m+[0m[38;5;249m=[0m[38;5;249m [0m[38;5;249m1[0m[38;5;249mn[0m[38;5;249m;[0m
[90m│[39m  [38;5;240m│[0m                                      ─┬
[90m│[39m  [38;5;240m│[0m                                       ╰──
[90m│[39m  [38;5;246m─────╯[0m
[90m│[39m  [39m
[90m│[39m
[33m▲[39m  [43mVite[49m [33m[33m[TOLERATED_TRANSFORM] [0mBig integer literals are not available in
[90m│[39m  the configured target environment.
[90m│[39m  [38;5;246m╭[0m[38;5;246m─[0m[38;5;246m[[0m node_modules/@formatjs/bigdecimal/index.js:277:42 [38;5;246m][0m
[90m│[39m  [38;5;246m│[0m
[90m│[39m  [38;5;246m277 │[0m [38;5;249m [0m[38;5;249m [0m[38;5;249m [0m[38;5;249m [0m[38;5;249m [0m[38;5;249m [0m[38;5;249m [0m[38;5;249mi[0m[38;5;249mf[0m[38;5;249m [0m[38;5;249m([0m[38;5;249mm[0m[38;5;249m [0m[38;5;249m>[0m[38;5;249m [0m[38;5;249m0[0m[38;5;249mn[0m[38;5;249m [0m[38;5;249m&[0m[38;5;249m&[0m[38;5;249m [0m[38;5;249mm[0m[38;5;249m [0m[38;5;249m%[0m[38;5;249m [0m[38;5;249md[0m[38;5;249mi[0m[38;5;249mv[0m[38;5;249mi[0m[38;5;249ms[0m[38;5;249mo[0m[38;5;249mr[0m[38;5;249m [0m[38;5;249m![0m[38;5;249m=[0m[38;5;249m=[0m[38;5;249m [0m[38;5;249m0[0m[38;5;249mn[0m[38;5;249m)[0m[38;5;249m [0m[38;5;249mq[0m[38;5;249m [0m[38;5;249m+[0m[38;5;249m=[0m[38;5;249m [0m1n[38;5;249m;[0m
[90m│[39m  [38;5;240m│[0m                                               ─┬
[90m│[39m  [38;5;240m│[0m                                                ╰──
[90m│[39m  [38;5;246m─────╯[0m
[90m│[39m  [39m
[90m│[39m
[33m▲[39m  [43mVite[49m [33m[33m[TOLERATED_TRANSFORM] [0mBig integer literals are not available in
[90m│[39m  the configured target environment.
[90m│[39m  [38;5;246m╭[0m[38;5;246m─[0m[38;5;246m[[0m node_modules/@formatjs/bigdecimal/index.js:278:13 [38;5;246m][0m
[90m│[39m  [38;5;246m│[0m
[90m│[39m  [38;5;246m278 │[0m [38;5;249m [0m[38;5;249m [0m[38;5;249m [0m[38;5;249m [0m[38;5;249m [0m[38;5;249m [0m[38;5;249m [0m[38;5;249mi[0m[38;5;249mf[0m[38;5;249m [0m[38;5;249m([0m[38;5;249mq[0m[38;5;249m [0m[38;5;249m=[0m[38;5;249m=[0m[38;5;249m=[0m[38;5;249m [0m0n[38;5;249m)[0m[38;5;249m [0m[38;5;249mr[0m[38;5;249me[0m[38;5;249mt[0m[38;5;249mu[0m[38;5;249mr[0m[38;5;249mn[0m[38;5;249m [0m[38;5;249mB[0m[38;5;249mi[0m[38;5;249mg[0m[38;5;249mD[0m[38;5;249me[0m[38;5;249mc[0m[38;5;249mi[0m[38;5;249mm[0m[38;5;249ma[0m[38;5;249ml[0m[38;5;249m.[0m[38;5;249m_[0m[38;5;249mc[0m[38;5;249mr[0m[38;5;249me[0m[38;5;249ma[0m[38;5;249mt[0m[38;5;249me[0m[38;5;249m([0m[38;5;249m0[0m[38;5;249mn[0m[38;5;249m,[0m[38;5;249m [0m[38;5;249m0[0m[38;5;249m,[0m[38;5;249m [0m[38;5;249m0[0m[38;5;249m,[0m[38;5;249m [0m[38;5;249mf[0m[38;5;249ma[0m[38;5;249ml[0m[38;5;249ms[0m[38;5;249me[0m[38;5;249m)[0m[38;5;249m;[0m
[90m│[39m  [38;5;240m│[0m                  ─┬
[90m│[39m  [38;5;240m│[0m                   ╰──
[90m│[39m  [38;5;246m─────╯[0m
[90m│[39m  [39m
[90m│[39m
[33m▲[39m  [43mVite[49m [33m[33m[TOLERATED_TRANSFORM] [0mBig integer literals are not available in
[90m│[39m  the configured target environment.
[90m│[39m  [38;5;246m╭[0m[38;5;246m─[0m[38;5;246m[[0m node_modules/@formatjs/bigdecimal/index.js:278:43 [38;5;246m][0m
[90m│[39m  [38;5;246m│[0m
[90m│[39m  [38;5;246m278 │[0m [38;5;249m [0m[38;5;249m [0m[38;5;249m [0m[38;5;249m [0m[38;5;249m [0m[38;5;249m [0m[38;5;249m [0m[38;5;249mi[0m[38;5;249mf[0m[38;5;249m [0m[38;5;249m([0m[38;5;249mq[0m[38;5;249m [0m[38;5;249m=[0m[38;5;249m=[0m[38;5;249m=[0m[38;5;249m [0m[38;5;249m0[0m[38;5;249mn[0m[38;5;249m)[0m[38;5;249m [0m[38;5;249mr[0m[38;5;249me[0m[38;5;249mt[0m[38;5;249mu[0m[38;5;249mr[0m[38;5;249mn[0m[38;5;249m [0m[38;5;249mB[0m[38;5;249mi[0m[38;5;249mg[0m[38;5;249mD[0m[38;5;249me[0m[38;5;249mc[0m[38;5;249mi[0m[38;5;249mm[0m[38;5;249ma[0m[38;5;249ml[0m[38;5;249m.[0m[38;5;249m_[0m[38;5;249mc[0m[38;5;249mr[0m[38;5;249me[0m[38;5;249ma[0m[38;5;249mt[0m[38;5;249me[0m[38;5;249m([0m0n[38;5;249m,[0m[38;5;249m [0m[38;5;249m0[0m[38;5;249m,[0m[38;5;249m [0m[38;5;249m0[0m[38;5;249m,[0m[38;5;249m [0m[38;5;249mf[0m[38;5;249ma[0m[38;5;249ml[0m[38;5;249ms[0m[38;5;249me[0m[38;5;249m)[0m[38;5;249m;[0m
[90m│[39m  [38;5;240m│[0m                                                ─┬
[90m│[39m  [38;5;240m│[0m                                                 ╰──
[90m│[39m  [38;5;246m─────╯[0m
[90m│[39m  [39m
[90m│[39m
[33m▲[39m  [43mVite[49m [33m[33m[TOLERATED_TRANSFORM] [0mBig integer literals are not available in
[90m│[39m  the configured target environment.
[90m│[39m  [38;5;246m╭[0m[38;5;246m─[0m[38;5;246m[[0m node_modules/@formatjs/bigdecimal/index.js:284:54 [38;5;246m][0m
[90m│[39m  [38;5;246m│[0m
[90m│[39m  [38;5;246m284 │[0m [38;5;249m [0m[38;5;249m [0m[38;5;249m [0m[38;5;249m [0m[38;5;249m [0m[38;5;249m [0m[38;5;249m [0m[38;5;249mi[0m[38;5;249mf[0m[38;5;249m [0m[38;5;249m([0m[38;5;249mt[0m[38;5;249mh[0m[38;5;249mi[0m[38;5;249ms[0m[38;5;249m.[0m[38;5;249m_[0m[38;5;249ms[0m[38;5;249mp[0m[38;5;249me[0m[38;5;249mc[0m[38;5;249mi[0m[38;5;249ma[0m[38;5;249ml[0m[38;5;249m [0m[38;5;249m=[0m[38;5;249m=[0m[38;5;249m=[0m[38;5;249m [0m[38;5;249m3[0m[38;5;249m)[0m[38;5;249m [0m[38;5;249mr[0m[38;5;249me[0m[38;5;249mt[0m[38;5;249mu[0m[38;5;249mr[0m[38;5;249mn[0m[38;5;249m [0m[38;5;249mB[0m[38;5;249mi[0m[38;5;249mg[0m[38;5;249mD[0m[38;5;249me[0m[38;5;249mc[0m[38;5;249mi[0m[38;5;249mm[0m[38;5;249ma[0m[38;5;249ml[0m[38;5;249m.[0m[38;5;249m_[0m[38;5;249mc[0m[38;5;249mr[0m[38;5;249me[0m[38;5;249ma[0m[38;5;249mt[0m[38;5;249me[0m[38;5;249m([0m0n[38;5;249m,[0m[38;5;249m [0m[38;5;249m0[0m[38;5;249m,[0m[38;5;249m
[90m│[39m  [0m[38;5;249m1[0m[38;5;249m,[0m[38;5;249m [0m[38;5;249mf[0m[38;5;249ma[0m[38;5;249ml[0m[38;5;249ms[0m[38;5;249me[0m[38;5;249m)[0m[38;5;249m;[0m
[90m│[39m  [38;5;240m│[0m                                                           ─┬
[90m│[39m  [38;5;240m│[0m                                                            ╰──
[90m│[39m  [38;5;246m─────╯[0m
[90m│[39m  [39m
[90m│[39m
[33m▲[39m  [43mVite[49m [33m[33m[TOLERATED_TRANSFORM] [0mBig integer literals are not available in
[90m│[39m  the configured target environment.
[90m│[39m  [38;5;246m╭[0m[38;5;246m─[0m[38;5;246m[[0m node_modules/@formatjs/bigdecimal/index.js:285:54 [38;5;246m][0m
[90m│[39m  [38;5;246m│[0m
[90m│[39m  [38;5;246m285 │[0m [38;5;249m [0m[38;5;249m [0m[38;5;249m [0m[38;5;249m [0m[38;5;249m [0m[38;5;249m [0m[38;5;249m [0m[38;5;249mi[0m[38;5;249mf[0m[38;5;249m [0m[38;5;249m([0m[38;5;249mt[0m[38;5;249mh[0m[38;5;249mi[0m[38;5;249ms[0m[38;5;249m.[0m[38;5;249m_[0m[38;5;249ms[0m[38;5;249mp[0m[38;5;249me[0m[38;5;249mc[0m[38;5;249mi[0m[38;5;249ma[0m[38;5;249ml[0m[38;5;249m [0m[38;5;249m=[0m[38;5;249m=[0m[38;5;249m=[0m[38;5;249m [0m[38;5;249m2[0m[38;5;249m)[0m[38;5;249m [0m[38;5;249mr[0m[38;5;249me[0m[38;5;249mt[0m[38;5;249mu[0m[38;5;249mr[0m[38;5;249mn[0m[38;5;249m [0m[38;5;249mB[0m[38;5;249mi[0m[38;5;249mg[0m[38;5;249mD[0m[38;5;249me[0m[38;5;249mc[0m[38;5;249mi[0m[38;5;249mm[0m[38;5;249ma[0m[38;5;249ml[0m[38;5;249m.[0m[38;5;249m_[0m[38;5;249mc[0m[38;5;249mr[0m[38;5;249me[0m[38;5;249ma[0m[38;5;249mt[0m[38;5;249me[0m[38;5;249m([0m0n[38;5;249m,[0m[38;5;249m [0m[38;5;249m0[0m[38;5;249m,[0m[38;5;249m
[90m│[39m  [0m[38;5;249m2[0m[38;5;249m,[0m[38;5;249m [0m[38;5;249mf[0m[38;5;249ma[0m[38;5;249ml[0m[38;5;249ms[0m[38;5;249me[0m[38;5;249m)[0m[38;5;249m;[0m
[90m│[39m  [38;5;240m│[0m                                                           ─┬
[90m│[39m  [38;5;240m│[0m                                                            ╰──
[90m│[39m  [38;5;246m─────╯[0m
[90m│[39m  [39m
[90m│[39m
[33m▲[39m  [43mVite[49m [33m[33m[TOLERATED_TRANSFORM] [0mBig integer literals are not available in
[90m│[39m  the configured target environment.
[90m│[39m  [38;5;246m╭[0m[38;5;246m─[0m[38;5;246m[[0m node_modules/@formatjs/bigdecimal/index.js:286:24 [38;5;246m][0m
[90m│[39m  [38;5;246m│[0m
[90m│[39m  [38;5;246m286 │[0m [38;5;249m [0m[38;5;249m [0m[38;5;249m [0m[38;5;249m [0m[38;5;249m [0m[38;5;249m [0m[38;5;249m [0m[38;5;249mi[0m[38;5;249mf[0m[38;5;249m [0m[38;5;249m([0m[38;5;249mt[0m[38;5;249mh[0m[38;5;249mi[0m[38;5;249ms[0m[38;5;249m.[0m[38;5;249m_[0m[38;5;249mm[0m[38;5;249ma[0m[38;5;249mn[0m[38;5;249mt[0m[38;5;249mi[0m[38;5;249ms[0m[38;5;249ms[0m[38;5;249ma[0m[38;5;249m [0m[38;5;249m<[0m[38;5;249m [0m0n[38;5;249m)[0m[38;5;249m [0m[38;5;249mr[0m[38;5;249me[0m[38;5;249mt[0m[38;5;249mu[0m[38;5;249mr[0m[38;5;249mn[0m[38;5;249m [0m[38;5;249mB[0m[38;5;249mi[0m[38;5;249mg[0m[38;5;249mD[0m[38;5;249me[0m[38;5;249mc[0m[38;5;249mi[0m[38;5;249mm[0m[38;5;249ma[0m[38;5;249ml[0m[38;5;249m.[0m[38;5;249m_[0m[38;5;249mc[0m[38;5;249mr[0m[38;5;249me[0m[38;5;249ma[0m[38;5;249mt[0m[38;5;249me[0m[38;5;249m([0m[38;5;249m0[0m[38;5;249mn[0m[38;5;249m,[0m[38;5;249m [0m[38;5;249m0[0m[38;5;249m,[0m[38;5;249m
[90m│[39m  [0m[38;5;249m1[0m[38;5;249m,[0m[38;5;249m [0m[38;5;249mf[0m[38;5;249ma[0m[38;5;249ml[0m[38;5;249ms[0m[38;5;249me[0m[38;5;249m)[0m[38;5;249m;[0m
[90m│[39m  [38;5;240m│[0m                             ─┬
[90m│[39m  [38;5;240m│[0m                              ╰──
[90m│[39m  [38;5;246m─────╯[0m
[90m│[39m  [39m
[90m│[39m
[33m▲[39m  [43mVite[49m [33m[33m[TOLERATED_TRANSFORM] [0mBig integer literals are not available in
[90m│[39m  the configured target environment.
[90m│[39m  [38;5;246m╭[0m[38;5;246m─[0m[38;5;246m[[0m node_modules/@formatjs/bigdecimal/index.js:286:54 [38;5;246m][0m
[90m│[39m  [38;5;246m│[0m
[90m│[39m  [38;5;246m286 │[0m [38;5;249m [0m[38;5;249m [0m[38;5;249m [0m[38;5;249m [0m[38;5;249m [0m[38;5;249m [0m[38;5;249m [0m[38;5;249mi[0m[38;5;249mf[0m[38;5;249m [0m[38;5;249m([0m[38;5;249mt[0m[38;5;249mh[0m[38;5;249mi[0m[38;5;249ms[0m[38;5;249m.[0m[38;5;249m_[0m[38;5;249mm[0m[38;5;249ma[0m[38;5;249mn[0m[38;5;249mt[0m[38;5;249mi[0m[38;5;249ms[0m[38;5;249ms[0m[38;5;249ma[0m[38;5;249m [0m[38;5;249m<[0m[38;5;249m [0m[38;5;249m0[0m[38;5;249mn[0m[38;5;249m)[0m[38;5;249m [0m[38;5;249mr[0m[38;5;249me[0m[38;5;249mt[0m[38;5;249mu[0m[38;5;249mr[0m[38;5;249mn[0m[38;5;249m [0m[38;5;249mB[0m[38;5;249mi[0m[38;5;249mg[0m[38;5;249mD[0m[38;5;249me[0m[38;5;249mc[0m[38;5;249mi[0m[38;5;249mm[0m[38;5;249ma[0m[38;5;249ml[0m[38;5;249m.[0m[38;5;249m_[0m[38;5;249mc[0m[38;5;249mr[0m[38;5;249me[0m[38;5;249ma[0m[38;5;249mt[0m[38;5;249me[0m[38;5;249m([0m0n[38;5;249m,[0m[38;5;249m [0m[38;5;249m0[0m[38;5;249m,[0m[38;5;249m
[90m│[39m  [0m[38;5;249m1[0m[38;5;249m,[0m[38;5;249m [0m[38;5;249mf[0m[38;5;249ma[0m[38;5;249ml[0m[38;5;249ms[0m[38;5;249me[0m[38;5;249m)[0m[38;5;249m;[0m
[90m│[39m  [38;5;240m│[0m                                                           ─┬
[90m│[39m  [38;5;240m│[0m                                                            ╰──
[90m│[39m  [38;5;246m─────╯[0m
[90m│[39m  [39m
[90m│[39m
[33m▲[39m  [43mVite[49m [33m[33m[TOLERATED_TRANSFORM] [0mBig integer literals are not available in
[90m│[39m  the configured target environment.
[90m│[39m  [38;5;246m╭[0m[38;5;246m─[0m[38;5;246m[[0m node_modules/@formatjs/bigdecimal/index.js:287:26 [38;5;246m][0m
[90m│[39m  [38;5;246m│[0m
[90m│[39m  [38;5;246m287 │[0m [38;5;249m [0m[38;5;249m [0m[38;5;249m [0m[38;5;249m [0m[38;5;249m [0m[38;5;249m [0m[38;5;249m [0m[38;5;249mi[0m[38;5;249mf[0m[38;5;249m [0m[38;5;249m([0m[38;5;249mt[0m[38;5;249mh[0m[38;5;249mi[0m[38;5;249ms[0m[38;5;249m.[0m[38;5;249m_[0m[38;5;249mm[0m[38;5;249ma[0m[38;5;249mn[0m[38;5;249mt[0m[38;5;249mi[0m[38;5;249ms[0m[38;5;249ms[0m[38;5;249ma[0m[38;5;249m [0m[38;5;249m=[0m[38;5;249m=[0m[38;5;249m=[0m[38;5;249m [0m0n[38;5;249m)[0m[38;5;249m [0m[38;5;249mr[0m[38;5;249me[0m[38;5;249mt[0m[38;5;249mu[0m[38;5;249mr[0m[38;5;249mn[0m[38;5;249m [0m[38;5;249mB[0m[38;5;249mi[0m[38;5;249mg[0m[38;5;249mD[0m[38;5;249me[0m[38;5;249mc[0m[38;5;249mi[0m[38;5;249mm[0m[38;5;249ma[0m[38;5;249ml[0m[38;5;249m.[0m[38;5;249m_[0m[38;5;249mc[0m[38;5;249mr[0m[38;5;249me[0m[38;5;249ma[0m[38;5;249mt[0m[38;5;249me[0m[38;5;249m([0m[38;5;249m0[0m[38;5;249mn[0m[38;5;249m,[0m[38;5;249m
[90m│[39m  [0m[38;5;249m0[0m[38;5;249m,[0m[38;5;249m [0m[38;5;249m3[0m[38;5;249m,[0m[38;5;249m [0m[38;5;249mf[0m[38;5;249ma[0m[38;5;249ml[0m[38;5;249ms[0m[38;5;249me[0m[38;5;249m)[0m[38;5;249m;[0m
[90m│[39m  [38;5;240m│[0m                               ─┬
[90m│[39m  [38;5;240m│[0m                                ╰──
[90m│[39m  [38;5;246m─────╯[0m
[90m│[39m  [39m
[90m│[39m
[33m▲[39m  [43mVite[49m [33m[33m[TOLERATED_TRANSFORM] [0mBig integer literals are not available in
[90m│[39m  the configured target environment.
[90m│[39m  [38;5;246m╭[0m[38;5;246m─[0m[38;5;246m[[0m node_modules/@formatjs/bigdecimal/index.js:287:56 [38;5;246m][0m
[90m│[39m  [38;5;246m│[0m
[90m│[39m  [38;5;246m287 │[0m [38;5;249m [0m[38;5;249m [0m[38;5;249m [0m[38;5;249m [0m[38;5;249m [0m[38;5;249m [0m[38;5;249m [0m[38;5;249mi[0m[38;5;249mf[0m[38;5;249m [0m[38;5;249m([0m[38;5;249mt[0m[38;5;249mh[0m[38;5;249mi[0m[38;5;249ms[0m[38;5;249m.[0m[38;5;249m_[0m[38;5;249mm[0m[38;5;249ma[0m[38;5;249mn[0m[38;5;249mt[0m[38;5;249mi[0m[38;5;249ms[0m[38;5;249ms[0m[38;5;249ma[0m[38;5;249m [0m[38;5;249m=[0m[38;5;249m=[0m[38;5;249m=[0m[38;5;249m [0m[38;5;249m0[0m[38;5;249mn[0m[38;5;249m)[0m[38;5;249m [0m[38;5;249mr[0m[38;5;249me[0m[38;5;249mt[0m[38;5;249mu[0m[38;5;249mr[0m[38;5;249mn[0m[38;5;249m [0m[38;5;249mB[0m[38;5;249mi[0m[38;5;249mg[0m[38;5;249mD[0m[38;5;249me[0m[38;5;249mc[0m[38;5;249mi[0m[38;5;249mm[0m[38;5;249ma[0m[38;5;249ml[0m[38;5;249m.[0m[38;5;249m_[0m[38;5;249mc[0m[38;5;249mr[0m[38;5;249me[0m[38;5;249ma[0m[38;5;249mt[0m[38;5;249me[0m[38;5;249m([0m0n[38;5;249m,[0m[38;5;249m
[90m│[39m  [0m[38;5;249m0[0m[38;5;249m,[0m[38;5;249m [0m[38;5;249m3[0m[38;5;249m,[0m[38;5;249m [0m[38;5;249mf[0m[38;5;249ma[0m[38;5;249ml[0m[38;5;249ms[0m[38;5;249me[0m[38;5;249m)[0m[38;5;249m;[0m
[90m│[39m  [38;5;240m│[0m                                                             ─┬
[90m│[39m  [38;5;240m│[0m                                                              ╰──
[90m│[39m  [38;5;246m─────╯[0m
[90m│[39m  [39m
[90m│[39m
[33m▲[39m  [43mVite[49m [33m[33m[TOLERATED_TRANSFORM] [0mBig integer literals are not available in
[90m│[39m  the configured target environment.
[90m│[39m  [38;5;246m╭[0m[38;5;246m─[0m[38;5;246m[[0m node_modules/@formatjs/bigdecimal/index.js:310:26 [38;5;246m][0m
[90m│[39m  [38;5;246m│[0m
[90m│[39m  [38;5;246m310 │[0m [38;5;249m [0m[38;5;249m [0m[38;5;249m [0m[38;5;249m [0m[38;5;249m [0m[38;5;249m [0m[38;5;249m [0m[38;5;249mi[0m[38;5;249mf[0m[38;5;249m [0m[38;5;249m([0m[38;5;249mt[0m[38;5;249mh[0m[38;5;249mi[0m[38;5;249ms[0m[38;5;249m.[0m[38;5;249m_[0m[38;5;249mm[0m[38;5;249ma[0m[38;5;249mn[0m[38;5;249mt[0m[38;5;249mi[0m[38;5;249ms[0m[38;5;249ms[0m[38;5;249ma[0m[38;5;249m [0m[38;5;249m=[0m[38;5;249m=[0m[38;5;249m=[0m[38;5;249m [0m0n[38;5;249m [0m[38;5;249m&[0m[38;5;249m&[0m[38;5;249m [0m[38;5;249mo[0m[38;5;249mt[0m[38;5;249mh[0m[38;5;249me[0m[38;5;249mr[0m[38;5;249m.[0m[38;5;249m_[0m[38;5;249mm[0m[38;5;249ma[0m[38;5;249mn[0m[38;5;249mt[0m[38;5;249mi[0m[38;5;249ms[0m[38;5;249ms[0m[38;5;249ma[0m[38;5;249m [0m[38;5;249m=[0m[38;5;249m=[0m[38;5;249m=[0m[38;5;249m [0m[38;5;249m0[0m[38;5;249mn[0m[38;5;249m)[0m[38;5;249m
[90m│[39m  [0m[38;5;249mr[0m[38;5;249me[0m[38;5;249mt[0m[38;5;249mu[0m[38;5;249mr[0m[38;5;249mn[0m[38;5;249m [0m[38;5;249mt[0m[38;5;249mr[0m[38;5;249mu[0m[38;5;249me[0m[38;5;249m;[0m
[90m│[39m  [38;5;240m│[0m                               ─┬
[90m│[39m  [38;5;240m│[0m                                ╰──
[90m│[39m  [38;5;246m─────╯[0m
[90m│[39m  [39m
[90m│[39m
[33m▲[39m  [43mVite[49m [33m[33m[TOLERATED_TRANSFORM] [0mBig integer literals are not available in
[90m│[39m  the configured target environment.
[90m│[39m  [38;5;246m╭[0m[38;5;246m─[0m[38;5;246m[[0m node_modules/@formatjs/bigdecimal/index.js:310:52 [38;5;246m][0m
[90m│[39m  [38;5;246m│[0m
[90m│[39m  [38;5;246m310 │[0m [38;5;249m [0m[38;5;249m [0m[38;5;249m [0m[38;5;249m [0m[38;5;249m [0m[38;5;249m [0m[38;5;249m [0m[38;5;249mi[0m[38;5;249mf[0m[38;5;249m [0m[38;5;249m([0m[38;5;249mt[0m[38;5;249mh[0m[38;5;249mi[0m[38;5;249ms[0m[38;5;249m.[0m[38;5;249m_[0m[38;5;249mm[0m[38;5;249ma[0m[38;5;249mn[0m[38;5;249mt[0m[38;5;249mi[0m[38;5;249ms[0m[38;5;249ms[0m[38;5;249ma[0m[38;5;249m [0m[38;5;249m=[0m[38;5;249m=[0m[38;5;249m=[0m[38;5;249m [0m[38;5;249m0[0m[38;5;249mn[0m[38;5;249m [0m[38;5;249m&[0m[38;5;249m&[0m[38;5;249m [0m[38;5;249mo[0m[38;5;249mt[0m[38;5;249mh[0m[38;5;249me[0m[38;5;249mr[0m[38;5;249m.[0m[38;5;249m_[0m[38;5;249mm[0m[38;5;249ma[0m[38;5;249mn[0m[38;5;249mt[0m[38;5;249mi[0m[38;5;249ms[0m[38;5;249ms[0m[38;5;249ma[0m[38;5;249m [0m[38;5;249m=[0m[38;5;249m=[0m[38;5;249m=[0m[38;5;249m [0m0n[38;5;249m)[0m[38;5;249m
[90m│[39m  [0m[38;5;249mr[0m[38;5;249me[0m[38;5;249mt[0m[38;5;249mu[0m[38;5;249mr[0m[38;5;249mn[0m[38;5;249m [0m[38;5;249mt[0m[38;5;249mr[0m[38;5;249mu[0m[38;5;249me[0m[38;5;249m;[0m
[90m│[39m  [38;5;240m│[0m                                                         ─┬
[90m│[39m  [38;5;240m│[0m                                                          ╰──
[90m│[39m  [38;5;246m─────╯[0m
[90m│[39m  [39m
[90m│[39m
[33m▲[39m  [43mVite[49m [33m[33m[TOLERATED_TRANSFORM] [0mBig integer literals are not available in
[90m│[39m  the configured target environment.
[90m│[39m  [38;5;246m╭[0m[38;5;246m─[0m[38;5;246m[[0m node_modules/@formatjs/bigdecimal/index.js:319:39 [38;5;246m][0m
[90m│[39m  [38;5;246m│[0m
[90m│[39m  [38;5;246m319 │[0m [38;5;249m [0m[38;5;249m [0m[38;5;249m [0m[38;5;249m [0m[38;5;249m [0m[38;5;249m [0m[38;5;249m [0m[38;5;249mc[0m[38;5;249mo[0m[38;5;249mn[0m[38;5;249ms[0m[38;5;249mt[0m[38;5;249m [0m[38;5;249mt[0m[38;5;249mh[0m[38;5;249mi[0m[38;5;249ms[0m[38;5;249mZ[0m[38;5;249me[0m[38;5;249mr[0m[38;5;249mo[0m[38;5;249m [0m[38;5;249m=[0m[38;5;249m [0m[38;5;249mt[0m[38;5;249mh[0m[38;5;249mi[0m[38;5;249ms[0m[38;5;249m.[0m[38;5;249m_[0m[38;5;249mm[0m[38;5;249ma[0m[38;5;249mn[0m[38;5;249mt[0m[38;5;249mi[0m[38;5;249ms[0m[38;5;249ms[0m[38;5;249ma[0m[38;5;249m [0m[38;5;249m=[0m[38;5;249m=[0m[38;5;249m=[0m[38;5;249m [0m0n[38;5;249m;[0m
[90m│[39m  [38;5;240m│[0m                                            ─┬
[90m│[39m  [38;5;240m│[0m                                             ╰──
[90m│[39m  [38;5;246m─────╯[0m
[90m│[39m  [39m
[90m│[39m
[33m▲[39m  [43mVite[49m [33m[33m[TOLERATED_TRANSFORM] [0mBig integer literals are not available in
[90m│[39m  the configured target environment.
[90m│[39m  [38;5;246m╭[0m[38;5;246m─[0m[38;5;246m[[0m node_modules/@formatjs/bigdecimal/index.js:320:41 [38;5;246m][0m
[90m│[39m  [38;5;246m│[0m
[90m│[39m  [38;5;246m320 │[0m [38;5;249m [0m[38;5;249m [0m[38;5;249m [0m[38;5;249m [0m[38;5;249m [0m[38;5;249m [0m[38;5;249m [0m[38;5;249mc[0m[38;5;249mo[0m[38;5;249mn[0m[38;5;249ms[0m[38;5;249mt[0m[38;5;249m [0m[38;5;249mo[0m[38;5;249mt[0m[38;5;249mh[0m[38;5;249me[0m[38;5;249mr[0m[38;5;249mZ[0m[38;5;249me[0m[38;5;249mr[0m[38;5;249mo[0m[38;5;249m [0m[38;5;249m=[0m[38;5;249m [0m[38;5;249mo[0m[38;5;249mt[0m[38;5;249mh[0m[38;5;249me[0m[38;5;249mr[0m[38;5;249m.[0m[38;5;249m_[0m[38;5;249mm[0m[38;5;249ma[0m[38;5;249mn[0m[38;5;249mt[0m[38;5;249mi[0m[38;5;249ms[0m[38;5;249ms[0m[38;5;249ma[0m[38;5;249m [0m[38;5;249m=[0m[38;5;249m=[0m[38;5;249m=[0m[38;5;249m [0m0n[38;5;249m;[0m
[90m│[39m  [38;5;240m│[0m                                              ─┬
[90m│[39m  [38;5;240m│[0m                                               ╰──
[90m│[39m  [38;5;246m─────╯[0m
[90m│[39m  [39m
[90m│[39m
[33m▲[39m  [43mVite[49m [33m[33m[TOLERATED_TRANSFORM] [0mBig integer literals are not available in
[90m│[39m  the configured target environment.
[90m│[39m  [38;5;246m╭[0m[38;5;246m─[0m[38;5;246m[[0m node_modules/@formatjs/bigdecimal/index.js:322:42 [38;5;246m][0m
[90m│[39m  [38;5;246m│[0m
[90m│[39m  [38;5;246m322 │[0m [38;5;249m [0m[38;5;249m [0m[38;5;249m [0m[38;5;249m [0m[38;5;249m [0m[38;5;249m [0m[38;5;249m [0m[38;5;249mi[0m[38;5;249mf[0m[38;5;249m [0m[38;5;249m([0m[38;5;249mt[0m[38;5;249mh[0m[38;5;249mi[0m[38;5;249ms[0m[38;5;249mZ[0m[38;5;249me[0m[38;5;249mr[0m[38;5;249mo[0m[38;5;249m)[0m[38;5;249m [0m[38;5;249mr[0m[38;5;249me[0m[38;5;249mt[0m[38;5;249mu[0m[38;5;249mr[0m[38;5;249mn[0m[38;5;249m [0m[38;5;249mo[0m[38;5;249mt[0m[38;5;249mh[0m[38;5;249me[0m[38;5;249mr[0m[38;5;249m.[0m[38;5;249m_[0m[38;5;249mm[0m[38;5;249ma[0m[38;5;249mn[0m[38;5;249mt[0m[38;5;249mi[0m[38;5;249ms[0m[38;5;249ms[0m[38;5;249ma[0m[38;5;249m [0m[38;5;249m>[0m[38;5;249m [0m0n[38;5;249m [0m[38;5;249m?[0m[38;5;249m [0m[38;5;249m-[0m[38;5;249m1[0m[38;5;249m [0m[38;5;249m:[0m[38;5;249m [0m[38;5;249m1[0m[38;5;249m;[0m
[90m│[39m  [38;5;240m│[0m                                               ─┬
[90m│[39m  [38;5;240m│[0m                                                ╰──
[90m│[39m  [38;5;246m─────╯[0m
[90m│[39m  [39m
[90m│[39m
[33m▲[39m  [43mVite[49m [33m[33m[TOLERATED_TRANSFORM] [0mBig integer literals are not available in
[90m│[39m  the configured target environment.
[90m│[39m  [38;5;246m╭[0m[38;5;246m─[0m[38;5;246m[[0m node_modules/@formatjs/bigdecimal/index.js:323:42 [38;5;246m][0m
[90m│[39m  [38;5;246m│[0m
[90m│[39m  [38;5;246m323 │[0m [38;5;249m [0m[38;5;249m [0m[38;5;249m [0m[38;5;249m [0m[38;5;249m [0m[38;5;249m [0m[38;5;249m [0m[38;5;249mi[0m[38;5;249mf[0m[38;5;249m [0m[38;5;249m([0m[38;5;249mo[0m[38;5;249mt[0m[38;5;249mh[0m[38;5;249me[0m[38;5;249mr[0m[38;5;249mZ[0m[38;5;249me[0m[38;5;249mr[0m[38;5;249mo[0m[38;5;249m)[0m[38;5;249m [0m[38;5;249mr[0m[38;5;249me[0m[38;5;249mt[0m[38;5;249mu[0m[38;5;249mr[0m[38;5;249mn[0m[38;5;249m [0m[38;5;249mt[0m[38;5;249mh[0m[38;5;249mi[0m[38;5;249ms[0m[38;5;249m.[0m[38;5;249m_[0m[38;5;249mm[0m[38;5;249ma[0m[38;5;249mn[0m[38;5;249mt[0m[38;5;249mi[0m[38;5;249ms[0m[38;5;249ms[0m[38;5;249ma[0m[38;5;249m [0m[38;5;249m>[0m[38;5;249m [0m0n[38;5;249m [0m[38;5;249m?[0m[38;5;249m [0m[38;5;249m1[0m[38;5;249m [0m[38;5;249m:[0m[38;5;249m [0m[38;5;249m-[0m[38;5;249m1[0m[38;5;249m;[0m
[90m│[39m  [38;5;240m│[0m                                               ─┬
[90m│[39m  [38;5;240m│[0m                                                ╰──
[90m│[39m  [38;5;246m─────╯[0m
[90m│[39m  [39m
[90m│[39m
[33m▲[39m  [43mVite[49m [33m[33m[TOLERATED_TRANSFORM] [0mBig integer literals are not available in
[90m│[39m  the configured target environment.
[90m│[39m  [38;5;246m╭[0m[38;5;246m─[0m[38;5;246m[[0m node_modules/@formatjs/bigdecimal/index.js:324:36 [38;5;246m][0m
[90m│[39m  [38;5;246m│[0m
[90m│[39m  [38;5;246m324 │[0m [38;5;249m [0m[38;5;249m [0m[38;5;249m [0m[38;5;249m [0m[38;5;249m [0m[38;5;249m [0m[38;5;249m [0m[38;5;249mc[0m[38;5;249mo[0m[38;5;249mn[0m[38;5;249ms[0m[38;5;249mt[0m[38;5;249m [0m[38;5;249mt[0m[38;5;249mh[0m[38;5;249mi[0m[38;5;249ms[0m[38;5;249mN[0m[38;5;249me[0m[38;5;249mg[0m[38;5;249m [0m[38;5;249m=[0m[38;5;249m [0m[38;5;249mt[0m[38;5;249mh[0m[38;5;249mi[0m[38;5;249ms[0m[38;5;249m.[0m[38;5;249m_[0m[38;5;249mm[0m[38;5;249ma[0m[38;5;249mn[0m[38;5;249mt[0m[38;5;249mi[0m[38;5;249ms[0m[38;5;249ms[0m[38;5;249ma[0m[38;5;249m [0m[38;5;249m<[0m[38;5;249m [0m0n[38;5;249m;[0m
[90m│[39m  [38;5;240m│[0m                                         ─┬
[90m│[39m  [38;5;240m│[0m                                          ╰──
[90m│[39m  [38;5;246m─────╯[0m
[90m│[39m  [39m
[90m│[39m
[33m▲[39m  [43mVite[49m [33m[33m[TOLERATED_TRANSFORM] [0mBig integer literals are not available in
[90m│[39m  the configured target environment.
[90m│[39m  [38;5;246m╭[0m[38;5;246m─[0m[38;5;246m[[0m node_modules/@formatjs/bigdecimal/index.js:325:37 [38;5;246m][0m
[90m│[39m  [38;5;246m│[0m
[90m│[39m  [38;5;246m325 │[0m [38;5;249m [0m[38;5;249m [0m[38;5;249m [0m[38;5;249m [0m[38;5;249m [0m[38;5;249m [0m[38;5;249m [0m[38;5;249mi[0m[38;5;249mf[0m[38;5;249m [0m[38;5;249m([0m[38;5;249mt[0m[38;5;249mh[0m[38;5;249mi[0m[38;5;249ms[0m[38;5;249mN[0m[38;5;249me[0m[38;5;249mg[0m[38;5;249m [0m[38;5;249m![0m[38;5;249m=[0m[38;5;249m=[0m[38;5;249m [0m[38;5;249mo[0m[38;5;249mt[0m[38;5;249mh[0m[38;5;249me[0m[38;5;249mr[0m[38;5;249m.[0m[38;5;249m_[0m[38;5;249mm[0m[38;5;249ma[0m[38;5;249mn[0m[38;5;249mt[0m[38;5;249mi[0m[38;5;249ms[0m[38;5;249ms[0m[38;5;249ma[0m[38;5;249m [0m[38;5;249m<[0m[38;5;249m [0m0n[38;5;249m)[0m[38;5;249m [0m[38;5;249mr[0m[38;5;249me[0m[38;5;249mt[0m[38;5;249mu[0m[38;5;249mr[0m[38;5;249mn[0m[38;5;249m [0m[38;5;249mt[0m[38;5;249mh[0m[38;5;249mi[0m[38;5;249ms[0m[38;5;249mN[0m[38;5;249me[0m[38;5;249mg[0m[38;5;249m [0m[38;5;249m?[0m[38;5;249m [0m[38;5;249m-[0m[38;5;249m1[0m[38;5;249m
[90m│[39m  [0m[38;5;249m:[0m[38;5;249m [0m[38;5;249m1[0m[38;5;249m;[0m
[90m│[39m  [38;5;240m│[0m                                          ─┬
[90m│[39m  [38;5;240m│[0m                                           ╰──
[90m│[39m  [38;5;246m─────╯[0m
[90m│[39m  [39m
[90m│[39m
[33m▲[39m  [43mVite[49m [33m[33m[TOLERATED_TRANSFORM] [0mBig integer literals are not available in
[90m│[39m  the configured target environment.
[90m│[39m  [38;5;246m╭[0m[38;5;246m─[0m[38;5;246m[[0m node_modules/@formatjs/bigdecimal/index.js:352:52 [38;5;246m][0m
[90m│[39m  [38;5;246m│[0m
[90m│[39m  [38;5;246m352 │[0m [38;5;249m [0m[38;5;249m [0m[38;5;249m [0m[38;5;249m [0m[38;5;249m [0m[38;5;249m [0m[38;5;249m [0m[38;5;249mr[0m[38;5;249me[0m[38;5;249mt[0m[38;5;249mu[0m[38;5;249mr[0m[38;5;249mn[0m[38;5;249m [0m[38;5;249mt[0m[38;5;249mh[0m[38;5;249mi[0m[38;5;249ms[0m[38;5;249m.[0m[38;5;249m_[0m[38;5;249ms[0m[38;5;249mp[0m[38;5;249me[0m[38;5;249mc[0m[38;5;249mi[0m[38;5;249ma[0m[38;5;249ml[0m[38;5;249m [0m[38;5;249m=[0m[38;5;249m=[0m[38;5;249m=[0m[38;5;249m [0m[38;5;249m0[0m[38;5;249m [0m[38;5;249m&[0m[38;5;249m&[0m[38;5;249m [0m[38;5;249mt[0m[38;5;249mh[0m[38;5;249mi[0m[38;5;249ms[0m[38;5;249m.[0m[38;5;249m_[0m[38;5;249mm[0m[38;5;249ma[0m[38;5;249mn[0m[38;5;249mt[0m[38;5;249mi[0m[38;5;249ms[0m[38;5;249ms[0m[38;5;249ma[0m[38;5;249m [0m[38;5;249m=[0m[38;5;249m=[0m[38;5;249m=[0m[38;5;249m [0m0n[38;5;249m;[0m
[90m│[39m  [38;5;240m│[0m                                                         ─┬
[90m│[39m  [38;5;240m│[0m                                                          ╰──
[90m│[39m  [38;5;246m─────╯[0m
[90m│[39m  [39m
[90m│[39m
[33m▲[39m  [43mVite[49m [33m[33m[TOLERATED_TRANSFORM] [0mBig integer literals are not available in
[90m│[39m  the configured target environment.
[90m│[39m  [38;5;246m╭[0m[38;5;246m─[0m[38;5;246m[[0m node_modules/@formatjs/bigdecimal/index.js:364:26 [38;5;246m][0m
[90m│[39m  [38;5;246m│[0m
[90m│[39m  [38;5;246m364 │[0m [38;5;249m [0m[38;5;249m [0m[38;5;249m [0m[38;5;249m [0m[38;5;249m [0m[38;5;249m [0m[38;5;249m [0m[38;5;249mi[0m[38;5;249mf[0m[38;5;249m [0m[38;5;249m([0m[38;5;249mt[0m[38;5;249mh[0m[38;5;249mi[0m[38;5;249ms[0m[38;5;249m.[0m[38;5;249m_[0m[38;5;249mm[0m[38;5;249ma[0m[38;5;249mn[0m[38;5;249mt[0m[38;5;249mi[0m[38;5;249ms[0m[38;5;249ms[0m[38;5;249ma[0m[38;5;249m [0m[38;5;249m=[0m[38;5;249m=[0m[38;5;249m=[0m[38;5;249m [0m0n[38;5;249m)[0m[38;5;249m [0m[38;5;249mr[0m[38;5;249me[0m[38;5;249mt[0m[38;5;249mu[0m[38;5;249mr[0m[38;5;249mn[0m[38;5;249m [0m[38;5;249mt[0m[38;5;249mh[0m[38;5;249mi[0m[38;5;249ms[0m[38;5;249m.[0m[38;5;249m_[0m[38;5;249mn[0m[38;5;249me[0m[38;5;249mg[0m[38;5;249ma[0m[38;5;249mt[0m[38;5;249mi[0m[38;5;249mv[0m[38;5;249me[0m[38;5;249mZ[0m[38;5;249me[0m[38;5;249mr[0m[38;5;249mo[0m[38;5;249m;[0m
[90m│[39m  [38;5;240m│[0m                               ─┬
[90m│[39m  [38;5;240m│[0m                                ╰──
[90m│[39m  [38;5;246m─────╯[0m
[90m│[39m  [39m
[90m│[39m
[33m▲[39m  [43mVite[49m [33m[33m[TOLERATED_TRANSFORM] [0mBig integer literals are not available in
[90m│[39m  the configured target environment.
[90m│[39m  [38;5;246m╭[0m[38;5;246m─[0m[38;5;246m[[0m node_modules/@formatjs/bigdecimal/index.js:365:27 [38;5;246m][0m
[90m│[39m  [38;5;246m│[0m
[90m│[39m  [38;5;246m365 │[0m [38;5;249m [0m[38;5;249m [0m[38;5;249m [0m[38;5;249m [0m[38;5;249m [0m[38;5;249m [0m[38;5;249m [0m[38;5;249mr[0m[38;5;249me[0m[38;5;249mt[0m[38;5;249mu[0m[38;5;249mr[0m[38;5;249mn[0m[38;5;249m [0m[38;5;249mt[0m[38;5;249mh[0m[38;5;249mi[0m[38;5;249ms[0m[38;5;249m.[0m[38;5;249m_[0m[38;5;249mm[0m[38;5;249ma[0m[38;5;249mn[0m[38;5;249mt[0m[38;5;249mi[0m[38;5;249ms[0m[38;5;249ms[0m[38;5;249ma[0m[38;5;249m [0m[38;5;249m<[0m[38;5;249m [0m0n[38;5;249m;[0m
[90m│[39m  [38;5;240m│[0m                                ─┬
[90m│[39m  [38;5;240m│[0m                                 ╰──
[90m│[39m  [38;5;246m─────╯[0m
[90m│[39m  [39m
[90m│[39m
[33m▲[39m  [43mVite[49m [33m[33m[TOLERATED_TRANSFORM] [0mBig integer literals are not available in
[90m│[39m  the configured target environment.
[90m│[39m  [38;5;246m╭[0m[38;5;246m─[0m[38;5;246m[[0m node_modules/@formatjs/bigdecimal/index.js:371:26 [38;5;246m][0m
[90m│[39m  [38;5;246m│[0m
[90m│[39m  [38;5;246m371 │[0m [38;5;249m [0m[38;5;249m [0m[38;5;249m [0m[38;5;249m [0m[38;5;249m [0m[38;5;249m [0m[38;5;249m [0m[38;5;249mi[0m[38;5;249mf[0m[38;5;249m [0m[38;5;249m([0m[38;5;249mt[0m[38;5;249mh[0m[38;5;249mi[0m[38;5;249ms[0m[38;5;249m.[0m[38;5;249m_[0m[38;5;249mm[0m[38;5;249ma[0m[38;5;249mn[0m[38;5;249mt[0m[38;5;249mi[0m[38;5;249ms[0m[38;5;249ms[0m[38;5;249ma[0m[38;5;249m [0m[38;5;249m=[0m[38;5;249m=[0m[38;5;249m=[0m[38;5;249m [0m0n[38;5;249m)[0m[38;5;249m [0m[38;5;249mr[0m[38;5;249me[0m[38;5;249mt[0m[38;5;249mu[0m[38;5;249mr[0m[38;5;249mn[0m[38;5;249m [0m[38;5;249m![0m[38;5;249mt[0m[38;5;249mh[0m[38;5;249mi[0m[38;5;249ms[0m[38;5;249m.[0m[38;5;249m_[0m[38;5;249mn[0m[38;5;249me[0m[38;5;249mg[0m[38;5;249ma[0m[38;5;249mt[0m[38;5;249mi[0m[38;5;249mv[0m[38;5;249me[0m[38;5;249mZ[0m[38;5;249me[0m[38;5;249mr[0m[38;5;249mo[0m[38;5;249m;[0m
[90m│[39m  [38;5;240m│[0m                               ─┬
[90m│[39m  [38;5;240m│[0m                                ╰──
[90m│[39m  [38;5;246m─────╯[0m
[90m│[39m  [39m
[90m│[39m
[33m▲[39m  [43mVite[49m [33m[33m[TOLERATED_TRANSFORM] [0mBig integer literals are not available in
[90m│[39m  the configured target environment.
[90m│[39m  [38;5;246m╭[0m[38;5;246m─[0m[38;5;246m[[0m node_modules/@formatjs/bigdecimal/index.js:372:27 [38;5;246m][0m
[90m│[39m  [38;5;246m│[0m
[90m│[39m  [38;5;246m372 │[0m [38;5;249m [0m[38;5;249m [0m[38;5;249m [0m[38;5;249m [0m[38;5;249m [0m[38;5;249m [0m[38;5;249m [0m[38;5;249mr[0m[38;5;249me[0m[38;5;249mt[0m[38;5;249mu[0m[38;5;249mr[0m[38;5;249mn[0m[38;5;249m [0m[38;5;249mt[0m[38;5;249mh[0m[38;5;249mi[0m[38;5;249ms[0m[38;5;249m.[0m[38;5;249m_[0m[38;5;249mm[0m[38;5;249ma[0m[38;5;249mn[0m[38;5;249mt[0m[38;5;249mi[0m[38;5;249ms[0m[38;5;249ms[0m[38;5;249ma[0m[38;5;249m [0m[38;5;249m>[0m[38;5;249m [0m0n[38;5;249m;[0m
[90m│[39m  [38;5;240m│[0m                                ─┬
[90m│[39m  [38;5;240m│[0m                                 ╰──
[90m│[39m  [38;5;246m─────╯[0m
[90m│[39m  [39m
[90m│[39m
[33m▲[39m  [43mVite[49m [33m[33m[TOLERATED_TRANSFORM] [0mBig integer literals are not available in
[90m│[39m  the configured target environment.
[90m│[39m  [38;5;246m╭[0m[38;5;246m─[0m[38;5;246m[[0m node_modules/@formatjs/bigdecimal/index.js:376:26 [38;5;246m][0m
[90m│[39m  [38;5;246m│[0m
[90m│[39m  [38;5;246m376 │[0m [38;5;249m [0m[38;5;249m [0m[38;5;249m [0m[38;5;249m [0m[38;5;249m [0m[38;5;249m [0m[38;5;249m [0m[38;5;249mi[0m[38;5;249mf[0m[38;5;249m [0m[38;5;249m([0m[38;5;249mt[0m[38;5;249mh[0m[38;5;249mi[0m[38;5;249ms[0m[38;5;249m.[0m[38;5;249m_[0m[38;5;249mm[0m[38;5;249ma[0m[38;5;249mn[0m[38;5;249mt[0m[38;5;249mi[0m[38;5;249ms[0m[38;5;249ms[0m[38;5;249ma[0m[38;5;249m [0m[38;5;249m=[0m[38;5;249m=[0m[38;5;249m=[0m[38;5;249m [0m0n[38;5;249m)[0m[38;5;249m [0m[38;5;249mr[0m[38;5;249me[0m[38;5;249mt[0m[38;5;249mu[0m[38;5;249mr[0m[38;5;249mn[0m[38;5;249m [0m[38;5;249mt[0m[38;5;249mr[0m[38;5;249mu[0m[38;5;249me[0m[38;5;249m;[0m
[90m│[39m  [38;5;240m│[0m                               ─┬
[90m│[39m  [38;5;240m│[0m                                ╰──
[90m│[39m  [38;5;246m─────╯[0m
[90m│[39m  [39m
[90m│[39m
[33m▲[39m  [43mVite[49m [33m[33m[TOLERATED_TRANSFORM] [0mBig integer literals are not available in
[90m│[39m  the configured target environment.
[90m│[39m  [38;5;246m╭[0m[38;5;246m─[0m[38;5;246m[[0m node_modules/@formatjs/bigdecimal/index.js:386:26 [38;5;246m][0m
[90m│[39m  [38;5;246m│[0m
[90m│[39m  [38;5;246m386 │[0m [38;5;249m [0m[38;5;249m [0m[38;5;249m [0m[38;5;249m [0m[38;5;249m [0m[38;5;249m [0m[38;5;249m [0m[38;5;249mi[0m[38;5;249mf[0m[38;5;249m [0m[38;5;249m([0m[38;5;249mt[0m[38;5;249mh[0m[38;5;249mi[0m[38;5;249ms[0m[38;5;249m.[0m[38;5;249m_[0m[38;5;249mm[0m[38;5;249ma[0m[38;5;249mn[0m[38;5;249mt[0m[38;5;249mi[0m[38;5;249ms[0m[38;5;249ms[0m[38;5;249ma[0m[38;5;249m [0m[38;5;249m=[0m[38;5;249m=[0m[38;5;249m=[0m[38;5;249m [0m0n[38;5;249m)[0m[38;5;249m [0m[38;5;249mr[0m[38;5;249me[0m[38;5;249mt[0m[38;5;249mu[0m[38;5;249mr[0m[38;5;249mn[0m[38;5;249m [0m[38;5;249mt[0m[38;5;249mh[0m[38;5;249mi[0m[38;5;249ms[0m[38;5;249m.[0m[38;5;249m_[0m[38;5;249mn[0m[38;5;249me[0m[38;5;249mg[0m[38;5;249ma[0m[38;5;249mt[0m[38;5;249mi[0m[38;5;249mv[0m[38;5;249me[0m[38;5;249mZ[0m[38;5;249me[0m[38;5;249mr[0m[38;5;249mo[0m[38;5;249m [0m[38;5;249m?[0m[38;5;249m [0m[38;5;249m-[0m[38;5;249m0[0m[38;5;249m
[90m│[39m  [0m[38;5;249m:[0m[38;5;249m [0m[38;5;249m0[0m[38;5;249m;[0m
[90m│[39m  [38;5;240m│[0m                               ─┬
[90m│[39m  [38;5;240m│[0m                                ╰──
[90m│[39m  [38;5;246m─────╯[0m
[90m│[39m  [39m
[90m│[39m
[33m▲[39m  [43mVite[49m [33m[33m[TOLERATED_TRANSFORM] [0mBig integer literals are not available in
[90m│[39m  the configured target environment.
[90m│[39m  [38;5;246m╭[0m[38;5;246m─[0m[38;5;246m[[0m node_modules/@formatjs/bigdecimal/index.js:393:26 [38;5;246m][0m
[90m│[39m  [38;5;246m│[0m
[90m│[39m  [38;5;246m393 │[0m [38;5;249m [0m[38;5;249m [0m[38;5;249m [0m[38;5;249m [0m[38;5;249m [0m[38;5;249m [0m[38;5;249m [0m[38;5;249mi[0m[38;5;249mf[0m[38;5;249m [0m[38;5;249m([0m[38;5;249mt[0m[38;5;249mh[0m[38;5;249mi[0m[38;5;249ms[0m[38;5;249m.[0m[38;5;249m_[0m[38;5;249mm[0m[38;5;249ma[0m[38;5;249mn[0m[38;5;249mt[0m[38;5;249mi[0m[38;5;249ms[0m[38;5;249ms[0m[38;5;249ma[0m[38;5;249m [0m[38;5;249m=[0m[38;5;249m=[0m[38;5;249m=[0m[38;5;249m [0m0n[38;5;249m)[0m[38;5;249m [0m[38;5;249mr[0m[38;5;249me[0m[38;5;249mt[0m[38;5;249mu[0m[38;5;249mr[0m[38;5;249mn[0m[38;5;249m [0m[38;5;249m"[0m[38;5;249m0[0m[38;5;249m"[0m[38;5;249m;[0m
[90m│[39m  [38;5;240m│[0m                               ─┬
[90m│[39m  [38;5;240m│[0m                                ╰──
[90m│[39m  [38;5;246m─────╯[0m
[90m│[39m  [39m
[90m│[39m
[33m▲[39m  [43mVite[49m [33m[33m[TOLERATED_TRANSFORM] [0mBig integer literals are not available in
[90m│[39m  the configured target environment.
[90m│[39m  [38;5;246m╭[0m[38;5;246m─[0m[38;5;246m[[0m node_modules/@formatjs/bigdecimal/index.js:394:37 [38;5;246m][0m
[90m│[39m  [38;5;246m│[0m
[90m│[39m  [38;5;246m394 │[0m [38;5;249m [0m[38;5;249m [0m[38;5;249m [0m[38;5;249m [0m[38;5;249m [0m[38;5;249m [0m[38;5;249m [0m[38;5;249mc[0m[38;5;249mo[0m[38;5;249mn[0m[38;5;249ms[0m[38;5;249mt[0m[38;5;249m [0m[38;5;249mn[0m[38;5;249me[0m[38;5;249mg[0m[38;5;249ma[0m[38;5;249mt[0m[38;5;249mi[0m[38;5;249mv[0m[38;5;249me[0m[38;5;249m [0m[38;5;249m=[0m[38;5;249m [0m[38;5;249mt[0m[38;5;249mh[0m[38;5;249mi[0m[38;5;249ms[0m[38;5;249m.[0m[38;5;249m_[0m[38;5;249mm[0m[38;5;249ma[0m[38;5;249mn[0m[38;5;249mt[0m[38;5;249mi[0m[38;5;249ms[0m[38;5;249ms[0m[38;5;249ma[0m[38;5;249m [0m[38;5;249m<[0m[38;5;249m [0m0n[38;5;249m;[0m
[90m│[39m  [38;5;240m│[0m                                          ─┬
[90m│[39m  [38;5;240m│[0m                                           ╰──
[90m│[39m  [38;5;246m─────╯[0m
[90m│[39m  [39m
[90m│[39m
[33m▲[39m  [43mVite[49m [33m[33m[TOLERATED_TRANSFORM] [0mBig integer literals are not available in
[90m│[39m  the configured target environment.
[90m│[39m  [38;5;246m╭[0m[38;5;246m─[0m[38;5;246m[[0m node_modules/@formatjs/bigdecimal/index.js:411:74 [38;5;246m][0m
[90m│[39m  [38;5;246m│[0m
[90m│[39m  [38;5;246m411 │[0m [38;5;249m [0m[38;5;249m [0m[38;5;249m [0m[38;5;249m [0m[38;5;249m [0m[38;5;249m [0m[38;5;249m [0m[38;5;249mi[0m[38;5;249mf[0m[38;5;249m [0m[38;5;249m([0m[38;5;249mt[0m[38;5;249my[0m[38;5;249mp[0m[38;5;249me[0m[38;5;249mo[0m[38;5;249mf[0m[38;5;249m [0m[38;5;249mb[0m[38;5;249ma[0m[38;5;249ms[0m[38;5;249me[0m[38;5;249m [0m[38;5;249m=[0m[38;5;249m=[0m[38;5;249m=[0m[38;5;249m [0m[38;5;249m"[0m[38;5;249mn[0m[38;5;249mu[0m[38;5;249mm[0m[38;5;249mb[0m[38;5;249me[0m[38;5;249mr[0m[38;5;249m"[0m[38;5;249m [0m[38;5;249m&[0m[38;5;249m&[0m[38;5;249m [0m[38;5;249mb[0m[38;5;249ma[0m[38;5;249ms[0m[38;5;249me[0m[38;5;249m [0m[38;5;249m=[0m[38;5;249m=[0m[38;5;249m=[0m[38;5;249m [0m[38;5;249m1[0m[38;5;249m0[0m[38;5;249m)[0m[38;5;249m [0m[38;5;249mr[0m[38;5;249me[0m[38;5;249mt[0m[38;5;249mu[0m[38;5;249mr[0m[38;5;249mn[0m[38;5;249m
[90m│[39m  [0m[38;5;249mB[0m[38;5;249mi[0m[38;5;249mg[0m[38;5;249mD[0m[38;5;249me[0m[38;5;249mc[0m[38;5;249mi[0m[38;5;249mm[0m[38;5;249ma[0m[38;5;249ml[0m[38;5;249m.[0m[38;5;249m_[0m[38;5;249mc[0m[38;5;249mr[0m[38;5;249me[0m[38;5;249ma[0m[38;5;249mt[0m[38;5;249me[0m[38;5;249m([0m1n[38;5;249m,[0m[38;5;249m [0m[38;5;249mn[0m[38;5;249m,[0m[38;5;249m [0m[38;5;249m0[0m[38;5;249m,[0m[38;5;249m [0m[38;5;249mf[0m[38;5;249ma[0m[38;5;249ml[0m[38;5;249ms[0m[38;5;249me[0m[38;5;249m)[0m[38;5;249m;[0m
[90m│[39m  [38;5;240m│[0m
[90m│[39m  ─┬
[90m│[39m  [38;5;240m│[0m
[90m│[39m  ╰──
[90m│[39m  [38;5;246m─────╯[0m
[90m│[39m  [39m
[90m│[39m
[33m▲[39m  [43mVite[49m [33m[33m[TOLERATED_TRANSFORM] [0mBig integer literals are not available in
[90m│[39m  the configured target environment.
[90m│[39m  [38;5;246m╭[0m[38;5;246m─[0m[38;5;246m[[0m node_modules/@formatjs/bigdecimal/index.js:417:24 [38;5;246m][0m
[90m│[39m  [38;5;246m│[0m
[90m│[39m  [38;5;246m417 │[0m [38;5;249m [0m[38;5;249m [0m[38;5;249m [0m[38;5;249m [0m[38;5;249m [0m[38;5;249m [0m[38;5;249m [0m[38;5;249mi[0m[38;5;249mf[0m[38;5;249m [0m[38;5;249m([0m[38;5;249mt[0m[38;5;249mh[0m[38;5;249mi[0m[38;5;249ms[0m[38;5;249m.[0m[38;5;249m_[0m[38;5;249mm[0m[38;5;249ma[0m[38;5;249mn[0m[38;5;249mt[0m[38;5;249mi[0m[38;5;249ms[0m[38;5;249ms[0m[38;5;249ma[0m[38;5;249m [0m[38;5;249m<[0m[38;5;249m [0m0n[38;5;249m)[0m[38;5;249m [0m[38;5;249mr[0m[38;5;249me[0m[38;5;249mt[0m[38;5;249mu[0m[38;5;249mr[0m[38;5;249mn[0m[38;5;249m [0m[38;5;249mt[0m[38;5;249mr[0m[38;5;249mu[0m[38;5;249me[0m[38;5;249m;[0m
[90m│[39m  [38;5;240m│[0m                             ─┬
[90m│[39m  [38;5;240m│[0m                              ╰──
[90m│[39m  [38;5;246m─────╯[0m
[90m│[39m  [39m
[90m│[39m
[33m▲[39m  [43mVite[49m [33m[33m[TOLERATED_TRANSFORM] [0mBig integer literals are not available in
[90m│[39m  the configured target environment.
[90m│[39m  [38;5;246m╭[0m[38;5;246m─[0m[38;5;246m[[0m node_modules/@formatjs/bigdecimal/index.js:418:26 [38;5;246m][0m
[90m│[39m  [38;5;246m│[0m
[90m│[39m  [38;5;246m418 │[0m [38;5;249m [0m[38;5;249m [0m[38;5;249m [0m[38;5;249m [0m[38;5;249m [0m[38;5;249m [0m[38;5;249m [0m[38;5;249mi[0m[38;5;249mf[0m[38;5;249m [0m[38;5;249m([0m[38;5;249mt[0m[38;5;249mh[0m[38;5;249mi[0m[38;5;249ms[0m[38;5;249m.[0m[38;5;249m_[0m[38;5;249mm[0m[38;5;249ma[0m[38;5;249mn[0m[38;5;249mt[0m[38;5;249mi[0m[38;5;249ms[0m[38;5;249ms[0m[38;5;249ma[0m[38;5;249m [0m[38;5;249m=[0m[38;5;249m=[0m[38;5;249m=[0m[38;5;249m [0m0n[38;5;249m)[0m[38;5;249m [0m[38;5;249mr[0m[38;5;249me[0m[38;5;249mt[0m[38;5;249mu[0m[38;5;249mr[0m[38;5;249mn[0m[38;5;249m [0m[38;5;249mt[0m[38;5;249mh[0m[38;5;249mi[0m[38;5;249ms[0m[38;5;249m.[0m[38;5;249m_[0m[38;5;249mn[0m[38;5;249me[0m[38;5;249mg[0m[38;5;249ma[0m[38;5;249mt[0m[38;5;249mi[0m[38;5;249mv[0m[38;5;249me[0m[38;5;249mZ[0m[38;5;249me[0m[38;5;249mr[0m[38;5;249mo[0m[38;5;249m;[0m
[90m│[39m  [38;5;240m│[0m                               ─┬
[90m│[39m  [38;5;240m│[0m                                ╰──
[90m│[39m  [38;5;246m─────╯[0m
[90m│[39m  [39m
[90m│[39m
[33m▲[39m  [43mVite[49m [33m[33m[TOLERATED_TRANSFORM] [0mBig integer literals are not available in
[90m│[39m  the configured target environment.
[90m│[39m  [38;5;246m╭[0m[38;5;246m─[0m[38;5;246m[[0m node_modules/@formatjs/bigdecimal/index.js:424:53 [38;5;246m][0m
[90m│[39m  [38;5;246m│[0m
[90m│[39m  [38;5;246m424 │[0m [38;5;249m [0m[38;5;249m [0m[38;5;249m [0m[38;5;249m [0m[38;5;249m [0m[38;5;249m [0m[38;5;249m [0m[38;5;249mi[0m[38;5;249mf[0m[38;5;249m [0m[38;5;249m([0m[38;5;249ma[0m[38;5;249m [0m[38;5;249m=[0m[38;5;249m=[0m[38;5;249m=[0m[38;5;249m [0m[38;5;249m1[0m[38;5;249m [0m[38;5;249m|[0m[38;5;249m|[0m[38;5;249m [0m[38;5;249mb[0m[38;5;249m [0m[38;5;249m=[0m[38;5;249m=[0m[38;5;249m=[0m[38;5;249m [0m[38;5;249m1[0m[38;5;249m)[0m[38;5;249m [0m[38;5;249mr[0m[38;5;249me[0m[38;5;249mt[0m[38;5;249mu[0m[38;5;249mr[0m[38;5;249mn[0m[38;5;249m [0m[38;5;249mB[0m[38;5;249mi[0m[38;5;249mg[0m[38;5;249mD[0m[38;5;249me[0m[38;5;249mc[0m[38;5;249mi[0m[38;5;249mm[0m[38;5;249ma[0m[38;5;249ml[0m[38;5;249m.[0m[38;5;249m_[0m[38;5;249mc[0m[38;5;249mr[0m[38;5;249me[0m[38;5;249ma[0m[38;5;249mt[0m[38;5;249me[0m[38;5;249m([0m0n[38;5;249m,[0m[38;5;249m [0m[38;5;249m0[0m[38;5;249m,[0m[38;5;249m
[90m│[39m  [0m[38;5;249m1[0m[38;5;249m,[0m[38;5;249m [0m[38;5;249mf[0m[38;5;249ma[0m[38;5;249ml[0m[38;5;249ms[0m[38;5;249me[0m[38;5;249m)[0m[38;5;249m;[0m
[90m│[39m  [38;5;240m│[0m                                                          ─┬
[90m│[39m  [38;5;240m│[0m                                                           ╰──
[90m│[39m  [38;5;246m─────╯[0m
[90m│[39m  [39m
[90m│[39m
[33m▲[39m  [43mVite[49m [33m[33m[TOLERATED_TRANSFORM] [0mBig integer literals are not available in
[90m│[39m  the configured target environment.
[90m│[39m  [38;5;246m╭[0m[38;5;246m─[0m[38;5;246m[[0m node_modules/@formatjs/bigdecimal/index.js:431:37 [38;5;246m][0m
[90m│[39m  [38;5;246m│[0m
[90m│[39m  [38;5;246m431 │[0m [38;5;249m [0m[38;5;249m [0m[38;5;249m [0m[38;5;249m [0m[38;5;249m [0m[38;5;249m [0m[38;5;249m [0m[38;5;249m [0m[38;5;249m [0m[38;5;249m [0m[38;5;249mi[0m[38;5;249mf[0m[38;5;249m [0m[38;5;249m([0m[38;5;249ma[0m[38;5;249mI[0m[38;5;249mn[0m[38;5;249mf[0m[38;5;249m [0m[38;5;249m&[0m[38;5;249m&[0m[38;5;249m [0m[38;5;249mo[0m[38;5;249mt[0m[38;5;249mh[0m[38;5;249me[0m[38;5;249mr[0m[38;5;249m.[0m[38;5;249m_[0m[38;5;249mm[0m[38;5;249ma[0m[38;5;249mn[0m[38;5;249mt[0m[38;5;249mi[0m[38;5;249ms[0m[38;5;249ms[0m[38;5;249ma[0m[38;5;249m [0m[38;5;249m=[0m[38;5;249m=[0m[38;5;249m=[0m[38;5;249m [0m0n[38;5;249m [0m[38;5;249m&[0m[38;5;249m&[0m[38;5;249m [0m[38;5;249m![0m[38;5;249mb[0m[38;5;249mI[0m[38;5;249mn[0m[38;5;249mf[0m[38;5;249m [0m[38;5;249m|[0m[38;5;249m|[0m[38;5;249m [0m[38;5;249mb[0m[38;5;249mI[0m[38;5;249mn[0m[38;5;249mf[0m[38;5;249m [0m[38;5;249m&[0m[38;5;249m&[0m[38;5;249m
[90m│[39m  [0m[38;5;249mt[0m[38;5;249mh[0m[38;5;249mi[0m[38;5;249ms[0m[38;5;249m.[0m[38;5;249m_[0m[38;5;249mm[0m[38;5;249ma[0m[38;5;249mn[0m[38;5;249mt[0m[38;5;249mi[0m[38;5;249ms[0m[38;5;249ms[0m[38;5;249ma[0m[38;5;249m [0m[38;5;249m=[0m[38;5;249m=[0m[38;5;249m=[0m[38;5;249m [0m[38;5;249m0[0m[38;5;249mn[0m[38;5;249m [0m[38;5;249m&[0m[38;5;249m&[0m[38;5;249m [0m[38;5;249m![0m[38;5;249ma[0m[38;5;249mI[0m[38;5;249mn[0m[38;5;249mf[0m[38;5;249m)[0m[38;5;249m [0m[38;5;249mr[0m[38;5;249me[0m[38;5;249mt[0m[38;5;249mu[0m[38;5;249mr[0m[38;5;249mn[0m[38;5;249m [0m[38;5;249mB[0m[38;5;249mi[0m[38;5;249mg[0m[38;5;249mD[0m[38;5;249me[0m[38;5;249mc[0m[38;5;249mi[0m[38;5;249mm[0m[38;5;249ma[0m[38;5;249ml[0m[38;5;249m.[0m[38;5;249m_[0m[38;5;249mc[0m[38;5;249mr[0m[38;5;249me[0m[38;5;249ma[0m[38;5;249mt[0m[38;5;249me[0m[38;5;249m([0m[38;5;249m0[0m[38;5;249mn[0m[38;5;249m,[0m[38;5;249m [0m[38;5;249m0[0m[38;5;249m,[0m[38;5;249m [0m[38;5;249m1[0m[38;5;249m,[0m[38;5;249m
[90m│[39m  [0m[38;5;249mf[0m[38;5;249ma[0m[38;5;249ml[0m[38;5;249ms[0m[38;5;249me[0m[38;5;249m)[0m[38;5;249m;[0m
[90m│[39m  [38;5;240m│[0m                                           ─┬
[90m│[39m  [38;5;240m│[0m                                            ╰──
[90m│[39m  [38;5;246m─────╯[0m
[90m│[39m  [39m
[90m│[39m
[33m▲[39m  [43mVite[49m [33m[33m[TOLERATED_TRANSFORM] [0mBig integer literals are not available in
[90m│[39m  the configured target environment.
[90m│[39m  [38;5;246m╭[0m[38;5;246m─[0m[38;5;246m[[0m node_modules/@formatjs/bigdecimal/index.js:431:79 [38;5;246m][0m
[90m│[39m  [38;5;246m│[0m
[90m│[39m  [38;5;246m431 │[0m [38;5;249m [0m[38;5;249m [0m[38;5;249m [0m[38;5;249m [0m[38;5;249m [0m[38;5;249m [0m[38;5;249m [0m[38;5;249m [0m[38;5;249m [0m[38;5;249m [0m[38;5;249mi[0m[38;5;249mf[0m[38;5;249m [0m[38;5;249m([0m[38;5;249ma[0m[38;5;249mI[0m[38;5;249mn[0m[38;5;249mf[0m[38;5;249m [0m[38;5;249m&[0m[38;5;249m&[0m[38;5;249m [0m[38;5;249mo[0m[38;5;249mt[0m[38;5;249mh[0m[38;5;249me[0m[38;5;249mr[0m[38;5;249m.[0m[38;5;249m_[0m[38;5;249mm[0m[38;5;249ma[0m[38;5;249mn[0m[38;5;249mt[0m[38;5;249mi[0m[38;5;249ms[0m[38;5;249ms[0m[38;5;249ma[0m[38;5;249m [0m[38;5;249m=[0m[38;5;249m=[0m[38;5;249m=[0m[38;5;249m [0m[38;5;249m0[0m[38;5;249mn[0m[38;5;249m [0m[38;5;249m&[0m[38;5;249m&[0m[38;5;249m [0m[38;5;249m![0m[38;5;249mb[0m[38;5;249mI[0m[38;5;249mn[0m[38;5;249mf[0m[38;5;249m [0m[38;5;249m|[0m[38;5;249m|[0m[38;5;249m [0m[38;5;249mb[0m[38;5;249mI[0m[38;5;249mn[0m[38;5;249mf[0m[38;5;249m [0m[38;5;249m&[0m[38;5;249m&[0m[38;5;249m
[90m│[39m  [0m[38;5;249mt[0m[38;5;249mh[0m[38;5;249mi[0m[38;5;249ms[0m[38;5;249m.[0m[38;5;249m_[0m[38;5;249mm[0m[38;5;249ma[0m[38;5;249mn[0m[38;5;249mt[0m[38;5;249mi[0m[38;5;249ms[0m[38;5;249ms[0m[38;5;249ma[0m[38;5;249m [0m[38;5;249m=[0m[38;5;249m=[0m[38;5;249m=[0m[38;5;249m [0m0n[38;5;249m [0m[38;5;249m&[0m[38;5;249m&[0m[38;5;249m [0m[38;5;249m![0m[38;5;249ma[0m[38;5;249mI[0m[38;5;249mn[0m[38;5;249mf[0m[38;5;249m)[0m[38;5;249m [0m[38;5;249mr[0m[38;5;249me[0m[38;5;249mt[0m[38;5;249mu[0m[38;5;249mr[0m[38;5;249mn[0m[38;5;249m [0m[38;5;249mB[0m[38;5;249mi[0m[38;5;249mg[0m[38;5;249mD[0m[38;5;249me[0m[38;5;249mc[0m[38;5;249mi[0m[38;5;249mm[0m[38;5;249ma[0m[38;5;249ml[0m[38;5;249m.[0m[38;5;249m_[0m[38;5;249mc[0m[38;5;249mr[0m[38;5;249me[0m[38;5;249ma[0m[38;5;249mt[0m[38;5;249me[0m[38;5;249m([0m[38;5;249m0[0m[38;5;249mn[0m[38;5;249m,[0m[38;5;249m [0m[38;5;249m0[0m[38;5;249m,[0m[38;5;249m [0m[38;5;249m1[0m[38;5;249m,[0m[38;5;249m
[90m│[39m  [0m[38;5;249mf[0m[38;5;249ma[0m[38;5;249ml[0m[38;5;249ms[0m[38;5;249me[0m[38;5;249m)[0m[38;5;249m;[0m
[90m│[39m  [38;5;240m│[0m
[90m│[39m  ─┬
[90m│[39m  [38;5;240m│[0m
[90m│[39m  ╰──
[90m│[39m  [38;5;246m─────╯[0m
[90m│[39m  [39m
[90m│[39m
[33m▲[39m  [43mVite[49m [33m[33m[TOLERATED_TRANSFORM] [0mBig integer literals are not available in
[90m│[39m  the configured target environment.
[90m│[39m  [38;5;246m╭[0m[38;5;246m─[0m[38;5;246m[[0m node_modules/@formatjs/bigdecimal/index.js:431:118 [38;5;246m][0m
[90m│[39m  [38;5;246m│[0m
[90m│[39m  [38;5;246m431 │[0m [38;5;249m [0m[38;5;249m [0m[38;5;249m [0m[38;5;249m [0m[38;5;249m [0m[38;5;249m [0m[38;5;249m [0m[38;5;249m [0m[38;5;249m [0m[38;5;249m [0m[38;5;249mi[0m[38;5;249mf[0m[38;5;249m [0m[38;5;249m([0m[38;5;249ma[0m[38;5;249mI[0m[38;5;249mn[0m[38;5;249mf[0m[38;5;249m [0m[38;5;249m&[0m[38;5;249m&[0m[38;5;249m [0m[38;5;249mo[0m[38;5;249mt[0m[38;5;249mh[0m[38;5;249me[0m[38;5;249mr[0m[38;5;249m.[0m[38;5;249m_[0m[38;5;249mm[0m[38;5;249ma[0m[38;5;249mn[0m[38;5;249mt[0m[38;5;249mi[0m[38;5;249ms[0m[38;5;249ms[0m[38;5;249ma[0m[38;5;249m [0m[38;5;249m=[0m[38;5;249m=[0m[38;5;249m=[0m[38;5;249m [0m[38;5;249m0[0m[38;5;249mn[0m[38;5;249m [0m[38;5;249m&[0m[38;5;249m&[0m[38;5;249m [0m[38;5;249m![0m[38;5;249mb[0m[38;5;249mI[0m[38;5;249mn[0m[38;5;249mf[0m[38;5;249m [0m[38;5;249m|[0m[38;5;249m|[0m[38;5;249m [0m[38;5;249mb[0m[38;5;249mI[0m[38;5;249mn[0m[38;5;249mf[0m[38;5;249m [0m[38;5;249m&[0m[38;5;249m&[0m[38;5;249m
[90m│[39m  [0m[38;5;249mt[0m[38;5;249mh[0m[38;5;249mi[0m[38;5;249ms[0m[38;5;249m.[0m[38;5;249m_[0m[38;5;249mm[0m[38;5;249ma[0m[38;5;249mn[0m[38;5;249mt[0m[38;5;249mi[0m[38;5;249ms[0m[38;5;249ms[0m[38;5;249ma[0m[38;5;249m [0m[38;5;249m=[0m[38;5;249m=[0m[38;5;249m=[0m[38;5;249m [0m[38;5;249m0[0m[38;5;249mn[0m[38;5;249m [0m[38;5;249m&[0m[38;5;249m&[0m[38;5;249m [0m[38;5;249m![0m[38;5;249ma[0m[38;5;249mI[0m[38;5;249mn[0m[38;5;249mf[0m[38;5;249m)[0m[38;5;249m [0m[38;5;249mr[0m[38;5;249me[0m[38;5;249mt[0m[38;5;249mu[0m[38;5;249mr[0m[38;5;249mn[0m[38;5;249m [0m[38;5;249mB[0m[38;5;249mi[0m[38;5;249mg[0m[38;5;249mD[0m[38;5;249me[0m[38;5;249mc[0m[38;5;249mi[0m[38;5;249mm[0m[38;5;249ma[0m[38;5;249ml[0m[38;5;249m.[0m[38;5;249m_[0m[38;5;249mc[0m[38;5;249mr[0m[38;5;249me[0m[38;5;249ma[0m[38;5;249mt[0m[38;5;249me[0m[38;5;249m([0m0n[38;5;249m,[0m[38;5;249m [0m[38;5;249m0[0m[38;5;249m,[0m[38;5;249m [0m[38;5;249m1[0m[38;5;249m,[0m[38;5;249m
[90m│[39m  [0m[38;5;249mf[0m[38;5;249ma[0m[38;5;249ml[0m[38;5;249ms[0m[38;5;249me[0m[38;5;249m)[0m[38;5;249m;[0m
[90m│[39m  [38;5;240m│[0m
[90m│[39m  ─┬
[90m│[39m  [38;5;240m│[0m
[90m│[39m  ╰──
[90m│[39m  [38;5;246m─────╯[0m
[90m│[39m  [39m
[90m│[39m
[33m▲[39m  [43mVite[49m [33m[33m[TOLERATED_TRANSFORM] [0mBig integer literals are not available in
[90m│[39m  the configured target environment.
[90m│[39m  [38;5;246m╭[0m[38;5;246m─[0m[38;5;246m[[0m node_modules/@formatjs/bigdecimal/index.js:433:31 [38;5;246m][0m
[90m│[39m  [38;5;246m│[0m
[90m│[39m  [38;5;246m433 │[0m [38;5;249m [0m[38;5;249m [0m[38;5;249m [0m[38;5;249m [0m[38;5;249m [0m[38;5;249m [0m[38;5;249m [0m[38;5;249m [0m[38;5;249m [0m[38;5;249m [0m[38;5;249mr[0m[38;5;249me[0m[38;5;249mt[0m[38;5;249mu[0m[38;5;249mr[0m[38;5;249mn[0m[38;5;249m [0m[38;5;249mB[0m[38;5;249mi[0m[38;5;249mg[0m[38;5;249mD[0m[38;5;249me[0m[38;5;249mc[0m[38;5;249mi[0m[38;5;249mm[0m[38;5;249ma[0m[38;5;249ml[0m[38;5;249m.[0m[38;5;249m_[0m[38;5;249mc[0m[38;5;249mr[0m[38;5;249me[0m[38;5;249ma[0m[38;5;249mt[0m[38;5;249me[0m[38;5;249m([0m0n[38;5;249m,[0m[38;5;249m [0m[38;5;249m0[0m[38;5;249m,[0m[38;5;249m [0m[38;5;249mn[0m[38;5;249me[0m[38;5;249mg[0m[38;5;249m [0m[38;5;249m?[0m[38;5;249m [0m[38;5;249m3[0m[38;5;249m [0m[38;5;249m:[0m[38;5;249m [0m[38;5;249m2[0m[38;5;249m,[0m[38;5;249m [0m[38;5;249mf[0m[38;5;249ma[0m[38;5;249ml[0m[38;5;249ms[0m[38;5;249me[0m[38;5;249m)[0m[38;5;249m;[0m
[90m│[39m  [38;5;240m│[0m                                     ─┬
[90m│[39m  [38;5;240m│[0m                                      ╰──
[90m│[39m  [38;5;246m─────╯[0m
[90m│[39m  [39m
[90m│[39m
[33m▲[39m  [43mVite[49m [33m[33m[TOLERATED_TRANSFORM] [0mBig integer literals are not available in
[90m│[39m  the configured target environment.
[90m│[39m  [38;5;246m╭[0m[38;5;246m─[0m[38;5;246m[[0m node_modules/@formatjs/bigdecimal/index.js:437:48 [38;5;246m][0m
[90m│[39m  [38;5;246m│[0m
[90m│[39m  [38;5;246m437 │[0m [38;5;249m [0m[38;5;249m [0m[38;5;249m [0m[38;5;249m [0m[38;5;249m [0m[38;5;249m [0m[38;5;249m [0m[38;5;249m [0m[38;5;249m [0m[38;5;249mi[0m[38;5;249mf[0m[38;5;249m [0m[38;5;249m([0m[38;5;249ma[0m[38;5;249mI[0m[38;5;249mn[0m[38;5;249mf[0m[38;5;249m [0m[38;5;249m&[0m[38;5;249m&[0m[38;5;249m [0m[38;5;249mb[0m[38;5;249mI[0m[38;5;249mn[0m[38;5;249mf[0m[38;5;249m)[0m[38;5;249m [0m[38;5;249mr[0m[38;5;249me[0m[38;5;249mt[0m[38;5;249mu[0m[38;5;249mr[0m[38;5;249mn[0m[38;5;249m [0m[38;5;249mB[0m[38;5;249mi[0m[38;5;249mg[0m[38;5;249mD[0m[38;5;249me[0m[38;5;249mc[0m[38;5;249mi[0m[38;5;249mm[0m[38;5;249ma[0m[38;5;249ml[0m[38;5;249m.[0m[38;5;249m_[0m[38;5;249mc[0m[38;5;249mr[0m[38;5;249me[0m[38;5;249ma[0m[38;5;249mt[0m[38;5;249me[0m[38;5;249m([0m0n[38;5;249m,[0m[38;5;249m [0m[38;5;249m0[0m[38;5;249m,[0m[38;5;249m [0m[38;5;249m1[0m[38;5;249m,[0m[38;5;249m
[90m│[39m  [0m[38;5;249mf[0m[38;5;249ma[0m[38;5;249ml[0m[38;5;249ms[0m[38;5;249me[0m[38;5;249m)[0m[38;5;249m;[0m
[90m│[39m  [38;5;240m│[0m                                                      ─┬
[90m│[39m  [38;5;240m│[0m                                                       ╰──
[90m│[39m  [38;5;246m─────╯[0m
[90m│[39m  [39m
[90m│[39m
[33m▲[39m  [43mVite[49m [33m[33m[TOLERATED_TRANSFORM] [0mBig integer literals are not available in
[90m│[39m  the configured target environment.
[90m│[39m  [38;5;246m╭[0m[38;5;246m─[0m[38;5;246m[[0m node_modules/@formatjs/bigdecimal/index.js:440:31 [38;5;246m][0m
[90m│[39m  [38;5;246m│[0m
[90m│[39m  [38;5;246m440 │[0m [38;5;249m [0m[38;5;249m [0m[38;5;249m [0m[38;5;249m [0m[38;5;249m [0m[38;5;249m [0m[38;5;249m [0m[38;5;249m [0m[38;5;249m [0m[38;5;249m [0m[38;5;249mr[0m[38;5;249me[0m[38;5;249mt[0m[38;5;249mu[0m[38;5;249mr[0m[38;5;249mn[0m[38;5;249m [0m[38;5;249mB[0m[38;5;249mi[0m[38;5;249mg[0m[38;5;249mD[0m[38;5;249me[0m[38;5;249mc[0m[38;5;249mi[0m[38;5;249mm[0m[38;5;249ma[0m[38;5;249ml[0m[38;5;249m.[0m[38;5;249m_[0m[38;5;249mc[0m[38;5;249mr[0m[38;5;249me[0m[38;5;249ma[0m[38;5;249mt[0m[38;5;249me[0m[38;5;249m([0m0n[38;5;249m,[0m[38;5;249m [0m[38;5;249m0[0m[38;5;249m,[0m[38;5;249m [0m[38;5;249mn[0m[38;5;249me[0m[38;5;249mg[0m[38;5;249m [0m[38;5;249m?[0m[38;5;249m [0m[38;5;249m3[0m[38;5;249m [0m[38;5;249m:[0m[38;5;249m [0m[38;5;249m2[0m[38;5;249m,[0m[38;5;249m [0m[38;5;249mf[0m[38;5;249ma[0m[38;5;249ml[0m[38;5;249ms[0m[38;5;249me[0m[38;5;249m)[0m[38;5;249m;[0m
[90m│[39m  [38;5;240m│[0m                                     ─┬
[90m│[39m  [38;5;240m│[0m                                      ╰──
[90m│[39m  [38;5;246m─────╯[0m
[90m│[39m  [39m
[90m│[39m
[33m▲[39m  [43mVite[49m [33m[33m[TOLERATED_TRANSFORM] [0mBig integer literals are not available in
[90m│[39m  the configured target environment.
[90m│[39m  [38;5;246m╭[0m[38;5;246m─[0m[38;5;246m[[0m node_modules/@formatjs/bigdecimal/index.js:444:31 [38;5;246m][0m
[90m│[39m  [38;5;246m│[0m
[90m│[39m  [38;5;246m444 │[0m [38;5;249m [0m[38;5;249m [0m[38;5;249m [0m[38;5;249m [0m[38;5;249m [0m[38;5;249m [0m[38;5;249m [0m[38;5;249m [0m[38;5;249m [0m[38;5;249m [0m[38;5;249mr[0m[38;5;249me[0m[38;5;249mt[0m[38;5;249mu[0m[38;5;249mr[0m[38;5;249mn[0m[38;5;249m [0m[38;5;249mB[0m[38;5;249mi[0m[38;5;249mg[0m[38;5;249mD[0m[38;5;249me[0m[38;5;249mc[0m[38;5;249mi[0m[38;5;249mm[0m[38;5;249ma[0m[38;5;249ml[0m[38;5;249m.[0m[38;5;249m_[0m[38;5;249mc[0m[38;5;249mr[0m[38;5;249me[0m[38;5;249ma[0m[38;5;249mt[0m[38;5;249me[0m[38;5;249m([0m0n[38;5;249m,[0m[38;5;249m [0m[38;5;249m0[0m[38;5;249m,[0m[38;5;249m [0m[38;5;249m0[0m[38;5;249m,[0m[38;5;249m [0m[38;5;249mn[0m[38;5;249me[0m[38;5;249mg[0m[38;5;249mZ[0m[38;5;249me[0m[38;5;249mr[0m[38;5;249mo[0m[38;5;249m)[0m[38;5;249m;[0m
[90m│[39m  [38;5;240m│[0m                                     ─┬
[90m│[39m  [38;5;240m│[0m                                      ╰──
[90m│[39m  [38;5;246m─────╯[0m
[90m│[39m  [39m
[90m│[39m
[33m▲[39m  [43mVite[49m [33m[33m[TOLERATED_TRANSFORM] [0mBig integer literals are not available in
[90m│[39m  the configured target environment.
[90m│[39m  [38;5;246m╭[0m[38;5;246m─[0m[38;5;246m[[0m node_modules/@formatjs/bigdecimal/index.js:449:50 [38;5;246m][0m
[90m│[39m  [38;5;246m│[0m
[90m│[39m  [38;5;246m449 │[0m [38;5;249m [0m[38;5;249m [0m[38;5;249m [0m[38;5;249m [0m[38;5;249m [0m[38;5;249m [0m[38;5;249m [0m[38;5;249m [0m[38;5;249m [0m[38;5;249m [0m[38;5;249mi[0m[38;5;249mf[0m[38;5;249m [0m[38;5;249m([0m[38;5;249ma[0m[38;5;249mN[0m[38;5;249me[0m[38;5;249mg[0m[38;5;249m [0m[38;5;249m![0m[38;5;249m=[0m[38;5;249m=[0m[38;5;249m [0m[38;5;249mb[0m[38;5;249mN[0m[38;5;249me[0m[38;5;249mg[0m[38;5;249m)[0m[38;5;249m [0m[38;5;249mr[0m[38;5;249me[0m[38;5;249mt[0m[38;5;249mu[0m[38;5;249mr[0m[38;5;249mn[0m[38;5;249m [0m[38;5;249mB[0m[38;5;249mi[0m[38;5;249mg[0m[38;5;249mD[0m[38;5;249me[0m[38;5;249mc[0m[38;5;249mi[0m[38;5;249mm[0m[38;5;249ma[0m[38;5;249ml[0m[38;5;249m.[0m[38;5;249m_[0m[38;5;249mc[0m[38;5;249mr[0m[38;5;249me[0m[38;5;249ma[0m[38;5;249mt[0m[38;5;249me[0m[38;5;249m([0m0n[38;5;249m,[0m[38;5;249m [0m[38;5;249m0[0m[38;5;249m,[0m[38;5;249m [0m[38;5;249m1[0m[38;5;249m,[0m[38;5;249m
[90m│[39m  [0m[38;5;249mf[0m[38;5;249ma[0m[38;5;249ml[0m[38;5;249ms[0m[38;5;249me[0m[38;5;249m)[0m[38;5;249m;[0m
[90m│[39m  [38;5;240m│[0m                                                        ─┬
[90m│[39m  [38;5;240m│[0m                                                         ╰──
[90m│[39m  [38;5;246m─────╯[0m
[90m│[39m  [39m
[90m│[39m
[33m▲[39m  [43mVite[49m [33m[33m[TOLERATED_TRANSFORM] [0mBig integer literals are not available in
[90m│[39m  the configured target environment.
[90m│[39m  [38;5;246m╭[0m[38;5;246m─[0m[38;5;246m[[0m node_modules/@formatjs/bigdecimal/index.js:455:29 [38;5;246m][0m
[90m│[39m  [38;5;246m│[0m
[90m│[39m  [38;5;246m455 │[0m [38;5;249m [0m[38;5;249m [0m[38;5;249m [0m[38;5;249m [0m[38;5;249m [0m[38;5;249m [0m[38;5;249m [0m[38;5;249mr[0m[38;5;249me[0m[38;5;249mt[0m[38;5;249mu[0m[38;5;249mr[0m[38;5;249mn[0m[38;5;249m [0m[38;5;249mB[0m[38;5;249mi[0m[38;5;249mg[0m[38;5;249mD[0m[38;5;249me[0m[38;5;249mc[0m[38;5;249mi[0m[38;5;249mm[0m[38;5;249ma[0m[38;5;249ml[0m[38;5;249m.[0m[38;5;249m_[0m[38;5;249mc[0m[38;5;249mr[0m[38;5;249me[0m[38;5;249ma[0m[38;5;249mt[0m[38;5;249me[0m[38;5;249m([0m0n[38;5;249m,[0m[38;5;249m [0m[38;5;249m0[0m[38;5;249m,[0m[38;5;249m [0m[38;5;249m1[0m[38;5;249m,[0m[38;5;249m [0m[38;5;249mf[0m[38;5;249ma[0m[38;5;249ml[0m[38;5;249ms[0m[38;5;249me[0m[38;5;249m)[0m[38;5;249m;[0m
[90m│[39m  [38;5;240m│[0m                                  ─┬
[90m│[39m  [38;5;240m│[0m                                   ╰──
[90m│[39m  [38;5;246m─────╯[0m
[90m│[39m  [39m
[90m│[39m  [43mVite[49m [32m✓ built in 27.82s[39m
[90m│[39m
[33m▲[39m  [43mVite[49m [33m[33m[PLUGIN_TIMINGS] [0mYour build spent 92% of 27.2s inside plugin
[90m│[39m  hooks (25.1s).
[90m│[39m  Measured inside the callback, so queue time is excluded and time the
[90m│[39m  callback itself awaited is not:
[90m│[39m  - storybook:react-docgen-plugin transform (71%, 19.5s, 7777 calls)
[90m│[39m  Those rows are 71% of the build; the rest of the 92% is below.
[90m│[39m  Not measurable — 4 hooks whose calls overlap, so elapsed time covers
[90m│[39m  work other calls were doing. Profile with `node --cpu-prof`:
[90m│[39m  - vite:css-post renderChunk (383 calls)
[90m│[39m  - plugin-csf transform (7777 calls)
[90m│[39m  - vite:css transform (272 calls)
[90m│[39m  … and 1 more
[90m│[39m  See ]8;;https://rolldown.rs/reference/InputOptions.checks#plugintimingshttps://rolldown.rs/reference/InputOptions.checks#plugintimings]8;;
[90m│[39m  for more details.
[90m│[39m  [39m
[90m│[39m
[32m◇[39m  Output directory: /tmp/chromatic--6974-qgyZFgk25eUN
[90m│[39m
[90m└[39m  Storybook build completed successfully

